,recid,black,alcohol,drugs,married,felon,educ,rules,age,res_linear,res_logit,res_probit,age_20,age_30
0,0.0,0,1,0,1,0,7,2,441,0.28443098732187977,0.2832177359958173,0.28193702467345083,0,1
1,0.0,1,0,0,0,1,12,0,307,0.3953586955391879,0.3916352293313465,0.39281678794644725,0,0
2,1.0,0,0,0,0,0,9,5,262,0.41884388412866935,0.41949098786733485,0.4162087043636874,0,0
3,1.0,0,0,1,0,1,9,3,253,0.4420579914213071,0.4423961588356071,0.4412129957833872,0,0
4,0.0,0,0,1,0,0,9,0,244,0.3586796859727743,0.35300261914200787,0.3550765063452426,0,0
5,0.0,1,1,0,0,0,12,2,327,0.44849089791917224,0.4496414061408732,0.4484425144980999,0,0
6,0.0,1,0,0,0,1,10,3,314,0.47908747735710705,0.4839038414056801,0.48115303773742113,0,0
7,1.0,0,0,0,1,0,10,0,388,0.23708164503676962,0.24227189215837852,0.2408733862741736,0,1
8,0.0,1,1,0,1,0,6,0,417,0.35799268258699746,0.35278911290616854,0.3534836024753854,0,1
9,0.0,1,0,0,1,1,11,0,511,0.34152029322584065,0.33567731226051944,0.33670390710626535,0,1
10,0.0,1,1,0,0,0,11,0,328,0.39167869366063157,0.3876072135208091,0.3889105927056624,0,0
11,1.0,0,1,0,1,0,10,1,278,0.2483483563229681,0.2512811658835041,0.24951033807161727,0,0
12,1.0,1,0,0,0,0,11,0,211,0.5357135432012063,0.5419497142861084,0.5418266479947231,1,0
13,1.0,1,0,0,0,1,9,3,273,0.48627224292952653,0.49216608514760335,0.48907222712045867,0,0
14,0.0,0,0,0,0,1,11,4,292,0.38526825555095084,0.3831291707798404,0.38125890008717744,0,0
15,1.0,0,1,0,0,0,10,3,572,0.34421105286691545,0.3403186760503457,0.34016748558457444,0,1
16,0.0,0,1,0,0,0,14,1,472,0.3050979052623838,0.3024466059910762,0.3030552081645632,0,1
17,1.0,1,0,0,0,1,8,18,269,0.9117504412221554,0.867645789219709,0.8676016993337017,0,0
18,0.0,1,1,0,1,0,9,0,414,0.35851839714107697,0.3533417875909003,0.35402405551888544,0,1
19,1.0,1,0,0,0,0,9,0,288,0.3986882210483579,0.39529240244742947,0.39636030219234897,0,0
20,0.0,0,0,0,1,1,12,2,307,0.27158493200379025,0.2713164944296571,0.26959339648766456,0,0
21,0.0,0,0,0,0,0,9,1,268,0.3045185228728154,0.3018269925179124,0.3019973144360898,0,0
22,0.0,0,1,0,1,0,12,0,455,0.22534068666232804,0.2324902227312939,0.23087825553397195,0,1
23,1.0,0,0,0,0,0,11,0,342,0.2632324141685979,0.2639525080739443,0.26416520386460074,0,0
24,0.0,1,0,0,0,0,6,0,582,0.3834961668155421,0.3787704311017377,0.38081022369659023,0,1
25,1.0,1,0,0,1,1,11,3,377,0.44995765908549507,0.4519346739713609,0.44890211721438456,0,1
26,0.0,0,0,0,0,1,12,3,601,0.33912914551081386,0.33508734727829903,0.3350332791966187,0,1
27,0.0,0,0,0,0,0,9,7,295,0.46969799010764257,0.4757629229511693,0.4699032525630111,0,0
28,1.0,1,0,0,0,0,8,4,242,0.5200231096919382,0.5301863699679811,0.5253807811484861,0,0
29,0.0,1,0,1,0,0,10,0,255,0.482745010847479,0.4855324061506114,0.48589395194432655,0,0
30,0.0,0,0,0,0,1,9,8,276,0.5013459986537363,0.5113799698777178,0.503882187381315,0,0
31,0.0,0,0,0,0,0,9,2,438,0.3393744865788749,0.3360328116488192,0.3361032986378574,0,1
32,1.0,0,0,0,0,1,10,8,265,0.5032736186853611,0.5135966028438655,0.5060081977023739,0,0
33,1.0,1,0,0,0,0,10,4,247,0.5191469187684724,0.5291817327199589,0.5244162205062134,0,0
34,0.0,0,1,0,0,0,5,0,373,0.2941280025100827,0.292545487468413,0.2933217131980105,0,1
35,0.0,0,1,0,0,0,11,0,516,0.2690689420989611,0.2692580408012494,0.2699413170441344,0,1
36,0.0,0,0,1,0,1,10,6,292,0.5201791513290451,0.5296611883139133,0.5244503712227879,0,0
37,0.0,0,1,0,1,0,11,0,283,0.21915368236257854,0.22739990984976519,0.22527667573000282,0,0
38,0.0,1,0,1,1,0,9,0,454,0.42978279945759756,0.4265288372856368,0.4276210259596728,0,1
39,1.0,1,0,0,0,0,9,0,205,0.5367649723093653,0.5431507812301041,0.5429798228912783,1,0
40,0.0,0,0,0,0,0,10,0,211,0.40972059829487684,0.404040384736113,0.4064923038103274,1,0
41,0.0,1,0,0,0,0,7,0,356,0.38677202448922315,0.3822604199505274,0.38371981541511,0,0
42,1.0,0,0,1,1,0,8,0,292,0.29585046840458695,0.29117300928619333,0.29204217933253906,0,0
43,0.0,1,0,1,0,0,5,0,373,0.49839487712065905,0.5036038509628605,0.5037230410305037,0,1
44,1.0,0,1,0,1,0,13,0,238,0.3505713826052459,0.3417405019501598,0.3437754741289303,1,0
45,0.0,0,0,0,0,1,9,0,400,0.28939657152336745,0.2880589239774787,0.28883609777087926,0,1
46,1.0,1,1,0,1,0,12,2,285,0.4014331169733692,0.398107450681534,0.3967493943552837,0,0
47,0.0,0,0,0,0,1,10,4,302,0.38351587370401924,0.38122475954501817,0.37941363321069305,0,0
48,1.0,0,0,0,0,1,11,2,471,0.3335916264840007,0.33012048643196806,0.33029087089935105,0,1
49,1.0,1,0,1,0,1,10,3,255,0.5677004599582502,0.5802491430091284,0.5764228480194918,0,0
50,1.0,1,0,0,0,1,12,0,293,0.39781203012489214,0.39432883353687936,0.39542695495553193,0,0
51,0.0,1,0,0,0,0,12,0,248,0.40569774843608425,0.4030296853280227,0.40384804636823546,0,0
52,1.0,0,0,0,0,0,10,1,286,0.3013642355483385,0.29877649168874537,0.2989628902752794,0,0
53,0.0,0,0,1,0,0,9,0,215,0.48729357526035105,0.4871858621673445,0.4891937160640063,1,0
54,0.0,1,0,1,0,1,5,0,675,0.44547294534332527,0.44295858809617117,0.4455203376525541,0,1
55,1.0,1,1,0,0,0,12,0,307,0.3953586955391879,0.3916352293313465,0.39281678794644725,0,0
56,0.0,1,0,0,0,0,9,0,249,0.4055225102513911,0.402835646519299,0.40366041024997246,0,0
57,1.0,0,0,0,1,0,10,1,276,0.24869883269235443,0.25158477561914583,0.24981804582352152,0,0
58,0.0,1,0,0,0,0,12,4,394,0.5297148776855508,0.5413483279196323,0.5366066715158362,0,1
59,0.0,0,0,1,0,0,11,0,362,0.37432955224595427,0.36968589025180654,0.37185202281920887,0,1
60,1.0,0,0,1,1,1,6,0,416,0.310448905569608,0.3052902893919585,0.306555700710721,0,1
61,0.0,0,0,0,0,0,10,0,314,0.26813908334000636,0.268363388057194,0.26862045265523904,0,0
62,0.0,1,1,0,0,1,11,2,357,0.4432337523783775,0.4436612008725822,0.44269795848529037,0,0
63,0.0,1,0,0,1,0,16,1,397,0.3898159293177844,0.3861693485342498,0.38583031374866483,0,1
64,1.0,1,0,1,1,0,7,0,512,0.4196189847453944,0.41512760560643047,0.4166249537738342,0,1
65,0.0,0,1,0,0,1,12,0,275,0.2749733725430395,0.27458432812485795,0.2748882688341471,0,0
66,0.0,1,0,0,1,1,6,0,730,0.30314313077803895,0.29749548962885014,0.2988948213376133,0,1
67,0.0,1,1,0,1,0,12,0,368,0.36657935363696226,0.36186454075645197,0.36234725768971454,0,1
68,0.0,0,1,0,1,0,4,0,457,0.22499021029294172,0.23220250676539034,0.23058349630666186,0,1
69,1.0,1,0,0,0,1,12,0,243,0.40657393935955005,0.4040003335694126,0.4047865580623714,0,0
70,0.0,0,0,0,0,1,7,1,569,0.2880998013471474,0.28620041086492026,0.28684333342754914,0,1
71,1.0,0,0,0,0,0,8,0,213,0.4093701219254905,0.403652022399217,0.40611643765418703,1,0
72,0.0,0,0,0,0,1,12,2,424,0.3418278211645791,0.33855681173143426,0.33858116781627,0,1
73,1.0,0,1,1,0,1,11,8,285,0.5780427846957448,0.5936042155287529,0.5858161987919092,0,0
74,0.0,1,0,0,1,1,12,0,332,0.33655995621894325,0.330545218502388,0.33119371908081763,0,0
75,1.0,1,0,0,0,1,11,2,322,0.44936708884263804,0.4506395714919953,0.44940102578527114,0,0
76,0.0,0,0,1,1,0,11,0,270,0.29970570846783645,0.29484877372822266,0.2957134334538698,0,0
77,1.0,0,0,0,0,1,8,3,292,0.35694977251402704,0.3535399193609197,0.3526354460363099,0,0
78,0.0,0,0,0,1,0,12,0,304,0.21547368048402224,0.22443790194255353,0.2222348146671338,0,0
79,0.0,0,0,0,1,1,11,0,501,0.21727973016644275,0.22593570391874512,0.2241522457931906,0,1
80,1.0,1,0,0,0,0,10,0,259,0.40377012840445947,0.4008969402303103,0.40178527525866536,0,0
81,1.0,0,0,0,1,0,6,0,611,0.19800352985019534,0.21079744955805824,0.20852779933603638,0,1
82,0.0,1,0,0,1,0,12,0,458,0.35080791701457803,0.34527583877168483,0.3461274120817983,0,1
83,0.0,0,1,0,1,0,5,0,889,0.14928731450549734,0.17590424097688664,0.17201515936597367,0,1
84,0.0,0,0,1,1,1,9,1,291,0.32434418962620387,0.31828603310353365,0.31885422835845467,0,0
85,1.0,0,0,0,0,1,10,3,307,0.3543211997436297,0.3507797857433333,0.34993997233274016,0,0
86,0.0,1,0,0,0,1,12,1,412,0.44160514125030276,0.44264634785338997,0.44237550341955484,0,1
87,1.0,1,0,0,0,0,10,0,225,0.5332602086155022,0.5391453517650568,0.5391345536962636,1,0
88,0.0,0,0,1,0,0,12,1,241,0.3875238835637775,0.3831452262972955,0.384318499074187,0,0
89,1.0,0,0,0,0,0,7,2,262,0.33388843501789806,0.3303624860523058,0.33007040823038025,0,0
90,1.0,1,0,0,0,0,12,2,248,0.46233471450993174,0.4654546279130488,0.46361853810838977,0,0
91,0.0,0,0,1,0,0,12,0,240,0.3593806387115469,0.3537398082214615,0.3557983271833714,0,0
92,0.0,1,0,0,1,0,12,1,250,0.37924797040070596,0.37464156626866424,0.37416156805535306,0,0
93,0.0,0,0,0,1,1,7,0,377,0.23900926506839437,0.24390431726122208,0.24253658455169858,0,1
94,0.0,0,1,0,0,0,4,0,606,0.2532975054765768,0.25521676459377207,0.25572044004541944,0,1
95,1.0,1,0,0,0,0,8,11,329,0.7030067688820997,0.7193653104462487,0.7101364581829535,0,0
96,1.0,0,1,0,0,0,9,1,280,0.3024156646564975,0.2997913589095968,0.29997282607416154,0,0
97,0.0,0,0,0,0,1,7,4,349,0.3752796790234408,0.3723236960786199,0.37077826320287927,0,0
98,0.0,0,0,0,1,0,7,0,654,0.19046828790838954,0.20508558749411074,0.20259902456814688,0,1
99,0.0,1,0,0,0,0,8,0,244,0.4063987011748569,0.40380614354833466,0.40459881171473405,0,0
100,0.0,0,0,0,0,0,9,0,253,0.278828612606289,0.27813284861875526,0.27845547892411704,0,0
101,0.0,1,1,0,0,0,9,0,253,0.40482155751261845,0.4020597959491549,0.40291008789331567,0,0
102,0.0,1,0,0,1,0,10,0,357,0.3321790016016143,0.326098609969845,0.32681253102502583,0,0
103,1.0,1,0,1,1,0,8,1,314,0.44630665628459076,0.4443914673660522,0.4441583113965023,0,0
104,1.0,1,1,0,0,0,11,0,233,0.5318583031379569,0.537541734054679,0.5375954004136113,1,0
105,1.0,0,1,0,0,0,11,0,344,0.2628819377992116,0.26363923071075435,0.26384841807499454,0,0
106,0.0,0,0,0,0,1,12,1,297,0.2994366155167138,0.29692103463109526,0.2971153640720321,0,0
107,0.0,1,0,0,0,0,9,0,309,0.39500821916980156,0.3912509627488594,0.3924442970891273,0,0
108,1.0,1,0,1,0,0,9,2,243,0.5414848351376444,0.5513798154469155,0.5487586785335319,0,0
109,0.0,1,0,0,0,0,11,1,311,0.422976225837339,0.421543004170926,0.42156786305484684,0,0
110,0.0,1,1,1,0,0,8,0,281,0.47818881804545693,0.4802959826894134,0.4808728378104466,0,0
111,0.0,0,0,0,0,1,10,0,308,0.2691905124481653,0.2693146256752057,0.2695800381665502,0,0
112,0.0,0,0,0,0,1,8,0,622,0.2504936945214863,0.25277155462720885,0.25323386643445067,0,1
113,1.0,1,1,0,0,0,7,0,636,0.3740333048421115,0.36857749195503875,0.3708825849002081,0,1
114,0.0,1,0,0,0,0,13,1,331,0.41947146214347586,0.4176145917189894,0.41778073166204854,0,0
115,0.0,0,0,0,0,1,12,0,300,0.27059241792571054,0.2705862492459446,0.27086215169324535,0,0
116,1.0,0,0,1,0,0,12,1,342,0.3698248269097685,0.364084118150471,0.36576423551154813,0,0
117,1.0,0,1,0,1,0,6,0,575,0.20431210449914905,0.21566847796081284,0.21356920595170437,0,1
118,0.0,0,0,0,0,0,7,0,215,0.4090196455561042,0.4032637807616709,0.4057406580064459,1,0
119,1.0,0,0,0,0,1,9,3,265,0.36168120350074234,0.3585327508567022,0.3575059126346955,0,0
120,0.0,1,0,0,0,0,13,0,372,0.4202961856011053,0.4193616817401384,0.42011163269906726,0,1
121,0.0,1,0,0,0,1,12,0,276,0.40079107926467583,0.39760827636272533,0.3986027507675276,0,0
122,1.0,0,1,0,0,0,3,0,566,0.2603070328643031,0.2613974589628077,0.26199219832681,0,1
123,0.0,1,1,0,1,0,12,0,281,0.34549710363829433,0.3397101929942664,0.3402028126398808,0,0
124,0.0,0,0,0,0,0,8,0,471,0.2769546604101532,0.276458868305414,0.27719728328831644,0,1
125,0.0,0,0,1,1,0,11,0,503,0.29520318350130326,0.2906145776105038,0.2919184280531518,0,1
126,0.0,1,0,0,1,1,10,7,323,0.5363664811396479,0.5478857680408101,0.5398330785822012,0,0
127,0.0,0,0,1,0,1,8,5,355,0.48082066265645246,0.4851902850770876,0.48195954451193207,0,0
128,0.0,1,0,0,0,1,11,0,256,0.404295842958539,0.40147822948377243,0.4023475805068361,0,0
129,0.0,0,0,0,0,0,12,0,483,0.2748518021938353,0.27452705203822314,0.27525306252163356,0,1
130,0.0,0,0,0,1,0,7,0,629,0.1948492425257185,0.2083923562222751,0.20603363511052641,0,1
131,0.0,0,1,0,0,0,10,0,225,0.4072672637091726,0.40132439874530595,0.4038630690352317,1,0
132,0.0,0,0,0,1,0,8,1,274,0.24904930906174072,0.25188862877726736,0.25012595492508527,0,0
133,0.0,1,0,0,0,0,8,0,437,0.40890570359605005,0.40665273822788084,0.4078416439763294,0,1
134,0.0,0,0,0,1,1,8,2,260,0.2798211266843687,0.2788756735472066,0.27716924812978827,0,0
135,0.0,1,0,1,0,0,8,1,303,0.5026520610191312,0.5076560311881735,0.5069479160724449,0,0
136,0.0,1,0,0,0,0,12,1,274,0.42946003867098587,0.4288364578359194,0.42859296228110133,0,0
137,0.0,0,1,1,0,0,9,0,553,0.3408590589695611,0.3345635772608561,0.3374282013847496,0,1
138,0.0,0,0,1,0,1,10,1,361,0.4028232734675712,0.39998432016793956,0.40112786862454747,0,1
139,0.0,0,0,1,0,0,6,0,432,0.3620628793174332,0.35662951278836896,0.35909928617641784,0,1
140,1.0,0,0,0,0,0,8,0,254,0.2786533744215958,0.2779709419830353,0.27829284491758216,0,0
141,1.0,1,0,0,0,1,9,0,325,0.39220440821471103,0.38818171863759077,0.3894679436810976,0,0
142,0.0,0,1,0,0,0,12,0,348,0.26218098506043896,0.26301339251371375,0.2632154280696899,0,0
143,0.0,1,1,0,1,0,10,0,364,0.3672803063757349,0.3626098644485149,0.3630741662524573,0,1
144,1.0,0,0,0,0,0,12,0,420,0.28589180782950424,0.28476209389190565,0.2855343776893873,0,1
145,0.0,0,0,1,0,0,10,2,398,0.4246579436708481,0.4235675126949291,0.4237471148961811,0,1
146,1.0,1,0,0,1,1,4,0,533,0.3376650531625911,0.33173200573348754,0.3328217648017583,0,1
147,0.0,1,0,0,1,0,11,0,365,0.3671050681910417,0.3624234714375344,0.3628923927441377,0,1
148,0.0,0,0,0,0,0,10,0,237,0.4051644054928547,0.3990012167854694,0.401612886459419,1,0
149,1.0,1,0,0,0,1,9,1,276,0.4291095623015996,0.42844139602890624,0.42821262720689096,0,0
150,1.0,1,0,0,1,0,11,0,349,0.33358090707915955,0.32751817138051664,0.3282119519468495,0,0
151,0.0,0,1,1,0,0,6,0,355,0.3392282474718337,0.3328341975759925,0.33526146245939026,0,0
152,0.0,1,0,0,0,1,9,0,274,0.4011415556340621,0.3979947046135384,0.3989768200699522,0,0
153,0.0,1,0,0,1,0,10,0,357,0.3321790016016143,0.326098609969845,0.32681253102502583,0,0
154,1.0,1,0,0,0,1,6,4,383,0.5316424977171756,0.5435503574870119,0.538723362092363,0,1
155,0.0,0,0,0,1,0,15,0,474,0.22201116115315803,0.22976695817748558,0.22808655076974765,0,1
156,0.0,1,0,0,0,0,9,4,250,0.518621204214393,0.5285788363406948,0.5238374150674222,0,0
157,1.0,1,0,0,0,0,9,3,244,0.4913541502856281,0.49801296248277843,0.49467639181205,0,0
158,1.0,1,0,0,1,0,11,0,470,0.3487050587982601,0.3430911712217898,0.3439851701473559,0,1
159,0.0,0,1,0,0,0,12,2,299,0.3274046221842512,0.32379438312540015,0.3236036217909599,0,0
160,0.0,0,1,0,0,0,2,0,734,0.23086701783585256,0.2360932743924694,0.23618996513901497,0,1
161,0.0,0,0,0,0,0,8,3,284,0.35835167799157236,0.35501600678126677,0.3540760734173673,0,0
162,0.0,1,0,0,0,0,10,1,224,0.561753929837119,0.5707560912091806,0.5693725686343942,1,0
163,0.0,1,0,0,0,1,5,0,382,0.4185438037541737,0.4173990332080247,0.4182185627431433,0,1
164,0.0,1,0,0,0,1,11,1,268,0.43051146777914484,0.4300221855968665,0.42973436409228877,0,0
165,0.0,0,0,0,0,0,9,2,214,0.46583184981464487,0.46589739132345753,0.4657517894685123,1,0
166,1.0,1,1,0,0,0,11,0,561,0.3871761686940984,0.38276401273446187,0.38469267605222723,0,1
167,0.0,0,1,0,1,0,6,0,461,0.2242892575541691,0.23162782029822254,0.2299946092033795,0,1
168,0.0,1,0,0,0,1,9,0,769,0.3507266262779215,0.3439827057791748,0.346806907011224,0,1
169,0.0,1,0,0,0,0,14,1,257,0.43243908781076956,0.4321980968645511,0.4318284535060141,0,0
170,0.0,1,0,0,1,1,12,0,452,0.35185934612273695,0.3463706344656174,0.3472003876273482,0,1
171,0.0,0,0,0,0,0,11,0,292,0.2719943234032558,0.27186164308846295,0.27214730123360376,0,0
172,0.0,1,0,1,0,1,12,0,341,0.4676745269638674,0.46823033854352564,0.46929854668994475,0,0
173,1.0,1,1,0,0,0,3,0,663,0.36930187385539626,0.3635240512824623,0.36595034563085016,0,1
174,0.0,0,1,1,0,0,8,0,245,0.3585044477880811,0.35281843096182586,0.3548961322497569,0,0
175,1.0,1,0,1,0,0,12,1,335,0.49704443910895013,0.5012042046720389,0.5007630270534387,0,0
176,1.0,0,1,0,1,0,12,0,323,0.21214415497485223,0.22178170279926498,0.21950296443958078,0,0
177,0.0,0,0,0,0,0,3,0,499,0.27204799123874474,0.27196439002667744,0.2726712546702893,0,1
178,1.0,0,1,0,0,0,9,1,601,0.28249217943696636,0.2809569808689509,0.28158669878183207,0,1
179,0.0,0,1,0,1,0,8,0,370,0.2402359323612465,0.24494700518025103,0.2435982131469812,0,1
180,0.0,1,0,0,0,0,11,0,232,0.53203354132265,0.5377422294387622,0.5377878258407116,1,0
181,1.0,1,0,0,0,0,10,0,286,0.3990386974177442,0.39567805834040914,0.39673380778957085,0,0
182,0.0,1,0,0,0,0,11,0,246,0.40604822480547054,0.40341785395318125,0.4042233849497122,0,0
183,0.0,0,0,0,0,0,9,2,247,0.33651700778829546,0.333044379372579,0.3327067525750098,0,0
184,0.0,0,0,0,0,0,9,0,220,0.4081434546326384,0.40229370767011885,0.40480158954510903,1,0
185,1.0,0,1,0,1,0,7,0,509,0.2158778246888975,0.2248092436348528,0.22299397029638157,0,1
186,1.0,1,0,0,1,0,12,0,334,0.33620947984955696,0.33018835991770284,0.33084236221371566,0,0
187,0.0,1,0,0,0,0,12,2,228,0.5893714601352702,0.6008332099062633,0.5982723633708066,1,0
188,1.0,0,0,0,1,1,9,0,251,0.22476130427275962,0.23196626763182462,0.22995692070964946,0,0
189,1.0,1,0,0,0,0,11,3,226,0.6180404195415802,0.6312955400638223,0.6277445860694998,1,0
190,0.0,1,1,1,0,0,12,0,438,0.4870043951156038,0.4904985738664629,0.49116005020877074,0,1
191,1.0,1,0,1,0,1,11,1,320,0.4996730118793475,0.5042286792750942,0.5036623072444828,0,0
192,1.0,1,0,0,0,0,8,0,272,0.40149203200344846,0.39838126005517205,0.399350982176272,0,0
193,0.0,0,0,0,1,1,11,1,259,0.25167788183213813,0.2541752760333318,0.2524416752253017,0,0
194,0.0,1,0,0,0,1,10,1,287,0.4271819422699748,0.4262701991113529,0.42612198535205803,0,0
195,0.0,0,0,1,0,0,9,0,353,0.33957872384122,0.333192493249818,0.3356146653959585,0,0
196,0.0,0,0,0,1,0,9,3,247,0.3104177061223035,0.30739363103227096,0.30539919422076467,0,0
197,0.0,0,1,0,0,0,7,0,576,0.2585546510173716,0.2598432562969927,0.26041689804017154,0,1
198,0.0,0,0,0,0,0,10,0,205,0.41077202740303576,0.40520619144773307,0.40762041799701354,1,0
199,0.0,0,1,1,0,0,12,0,397,0.36819621578169376,0.3631324803563793,0.36545706186667787,0,1
200,0.0,1,0,0,0,0,11,0,286,0.3990386974177442,0.39567805834040914,0.39673380778957085,0,0
201,0.0,1,0,0,0,1,12,3,216,0.6197928013885118,0.6331708882699322,0.6295760597854239,1,0
202,0.0,0,0,0,0,0,12,0,273,0.27532384891242584,0.2749057558582634,0.27521162783075104,0,0
203,1.0,1,0,0,0,1,10,1,341,0.41771908029654425,0.4156542664871505,0.415889998390538,0,0
204,0.0,1,0,0,1,1,14,0,320,0.33866281443526114,0.33269045739542114,0.33330497331878184,0,0
205,0.0,1,1,0,1,0,9,0,508,0.3420460077799201,0.33621710575482344,0.337234652579003,0,1
206,0.0,1,0,0,0,0,11,0,229,0.5325592558767295,0.538343642097299,0.5383650488798292,1,0
207,1.0,1,0,0,1,1,10,1,323,0.3664555829181054,0.3609522291298172,0.3608379267689242,0,0
208,1.0,1,0,0,0,0,10,0,272,0.40149203200344846,0.39838126005517205,0.399350982176272,0,0
209,1.0,0,0,0,0,0,11,0,827,0.21456986665938885,0.22283377830235296,0.2225316861681515,0,1
210,0.0,0,1,0,0,0,8,0,692,0.23822702159296522,0.24225729613853061,0.2425063624510802,0,1
211,1.0,1,0,0,0,1,3,1,425,0.4393270448492917,0.4400611199209353,0.4398901595096388,0,1
212,0.0,0,0,0,1,1,9,0,426,0.23042259401842963,0.23668999214638758,0.2351758296729919,0,1
213,0.0,0,1,1,1,1,8,1,639,0.29968927341995755,0.29424307343470607,0.2954119550368546,0,1
214,1.0,1,0,1,1,0,10,1,293,0.4499866581631471,0.4485773358834253,0.44818034896576525,0,0
215,0.0,1,0,1,1,0,7,0,670,0.3919313515638754,0.3845587103874489,0.38702293948352634,0,1
216,0.0,0,0,0,0,0,9,0,241,0.2809314708226069,0.2800802426015911,0.28041069080338593,0,0
217,0.0,1,0,0,0,0,11,6,289,0.5684238810852072,0.5835684606271239,0.576508469727452,0,0
218,1.0,0,0,0,0,0,9,1,203,0.43944098680934585,0.4365986107529486,0.4377553907588807,1,0
219,0.0,0,1,0,1,0,12,0,336,0.20986605857384116,0.21997729669759805,0.21764497154416274,0,0
220,1.0,1,0,0,0,0,11,1,283,0.42788289500874743,0.42705940102526563,0.4268819817711291,0,0
221,0.0,0,0,0,0,0,13,3,289,0.35747548706810656,0.35409312674076737,0.35317543499145954,0,0
222,1.0,1,0,0,1,1,12,0,324,0.3379618616964885,0.3319746012567663,0.3326006307333981,0,0
223,1.0,0,1,1,0,1,10,6,258,0.5261372496086125,0.5364867815219733,0.5310062334554541,0,0
224,0.0,1,0,0,0,0,12,0,272,0.40149203200344846,0.39838126005517205,0.399350982176272,0,0
225,1.0,0,1,0,0,0,7,1,420,0.314210290866428,0.31136756408328936,0.31191152548399026,0,1
226,0.0,0,0,0,0,0,19,0,473,0.27660418404076687,0.27613631619074397,0.27687278046783226,0,1
227,1.0,1,0,0,0,0,10,5,250,0.5469396872513167,0.5601245787090164,0.5540205803625621,0,0
228,1.0,1,0,0,0,0,9,0,300,0.39658536283204,0.3929812176794409,0.39412127702496685,0,0
229,0.0,0,0,0,0,0,12,1,285,0.3015394737330317,0.29894549926567926,0.2991311056326959,0,0
230,0.0,1,0,1,0,0,9,4,339,0.5812989354809488,0.5946623594877838,0.5902123257417979,0,0
231,1.0,1,0,0,1,1,10,0,311,0.3402399580974996,0.334303957012402,0.3348918918377113,0,0
232,1.0,1,0,0,0,0,11,0,244,0.4063987011748569,0.40380614354833466,0.40459881171473405,0,0
233,0.0,0,0,1,1,0,12,0,611,0.27627745955444216,0.27298926242394794,0.2742147199935774,0,1
234,0.0,1,0,0,0,0,11,0,492,0.39926760343792633,0.3959950609040388,0.39752897877751087,0,1
235,0.0,1,0,0,0,1,8,0,271,0.4016672701881416,0.39857458533495466,0.3995380979282803,0,0
236,0.0,1,1,0,1,0,3,0,542,0.3360879095003527,0.33012476358822057,0.3312387374236214,0,1
237,0.0,1,0,0,0,0,9,0,436,0.40908094178074317,0.40684736300876895,0.4080297627693789,0,1
238,0.0,0,0,1,0,0,7,0,338,0.3422072966116174,0.33588583700531216,0.3382683001617812,0,0
239,1.0,0,1,1,0,0,8,0,220,0.48641738433688525,0.4861783867503831,0.488227659560144,1,0
240,0.0,0,1,0,0,0,6,0,697,0.2373508306694994,0.24151777654505602,0.24174964433443513,0,1
241,1.0,1,0,1,0,0,15,1,501,0.5042828725168585,0.5095999400839406,0.5093164045593855,0,1
242,0.0,0,0,1,0,0,9,0,374,0.3722266940296364,0.3674334505805417,0.36965537666317244,0,1
243,1.0,1,0,0,0,1,9,2,278,0.457077568969137,0.45943967873820996,0.45784803867214163,0,0
244,1.0,1,0,0,1,0,10,0,261,0.3490018673321575,0.3433378058137233,0.34376120220037254,0,0
245,1.0,1,0,0,0,1,11,0,309,0.39500821916980156,0.3912509627488594,0.3924442970891273,0,0
246,1.0,0,0,0,0,1,12,3,283,0.35852691617626553,0.35520071254754104,0.3542562993008656,0,0
247,0.0,0,0,1,0,0,10,1,296,0.37788578340565376,0.37271663699614066,0.3741787458267132,0,0
248,1.0,1,0,1,0,0,12,0,280,0.4783640562301501,0.48049731094201403,0.48106590659229354,0,0
249,1.0,1,1,0,0,0,10,0,599,0.38051711767575835,0.3755494970202967,0.3776760323330206,0,1
250,1.0,0,0,1,0,0,6,0,638,0.3259638132706426,0.3194776900715757,0.3225158869374332,0,1
251,1.0,1,0,0,0,1,4,0,292,0.39798726830958525,0.3945214818646423,0.3956135766104996,0,0
252,0.0,0,0,0,1,0,9,0,254,0.22423558971868013,0.23153546592060084,0.2295158488071078,0,0
253,0.0,0,0,0,1,0,7,0,353,0.20688700943405747,0.21763363035412078,0.21522903523579484,0,0
254,0.0,0,0,1,1,0,10,2,527,0.34763443314251496,0.34134567680149225,0.3418794148122099,0,1
255,0.0,1,0,0,0,1,12,1,291,0.42648098953120217,0.4254813725594592,0.4253622632166308,0,0
256,1.0,0,0,0,0,1,12,6,278,0.4443585562105026,0.4475584381502508,0.44302055906181953,0,0
257,1.0,0,0,0,0,0,8,8,237,0.6317122697882447,0.6475283224796718,0.640253447938096,1,0
258,0.0,1,0,1,1,0,13,0,318,0.4172872205088944,0.41245834892672023,0.41355426484741514,0,0
259,0.0,1,0,0,0,0,8,0,212,0.5355383050165132,0.5417494886700418,0.5416344176797467,1,0
260,1.0,1,0,0,0,1,3,11,361,0.7337271190388913,0.7470577433292015,0.7389621568632606,0,1
261,1.0,1,1,0,0,0,12,0,441,0.40820475085727737,0.4058745327127354,0.40708938166706593,0,1
262,0.0,0,0,0,1,0,10,1,288,0.2465959744760365,0.24976677208950795,0.24797482503767676,0,0
263,0.0,0,0,0,0,0,12,0,255,0.27847813623690265,0.2778090933248159,0.2781302572306222,0,0
264,0.0,0,1,0,1,0,12,0,355,0.20653653306467115,0.2173590931988372,0.2149458343184879,0,0
265,0.0,0,1,1,0,1,11,2,420,0.42080270360759864,0.4192411133240251,0.4195770325298071,0,1
266,0.0,0,0,0,1,0,16,0,520,0.21395020465727274,0.2232668814570659,0.22140692145560936,0,1
267,0.0,1,1,0,1,0,8,0,439,0.354137442523748,0.3487482681512606,0.3495293642170942,0,1
268,1.0,0,0,1,1,0,9,0,262,0.3011076139453817,0.2961920896225695,0.2970536733579504,0,0
269,0.0,1,0,0,1,0,9,0,413,0.35869363532577014,0.35352609974210264,0.3542042719714709,0,1
270,1.0,0,0,0,0,0,12,0,397,0.2899222860774469,0.2885554042759111,0.2893329016097653,0,1
271,1.0,1,0,0,1,0,12,1,303,0.3699603466119686,0.3646813944656696,0.3644722632368691,0,0
272,0.0,0,0,1,0,0,10,0,251,0.3574530186799222,0.35171422164754046,0.3538145718433787,0,0
273,0.0,0,0,1,1,0,7,0,532,0.29012127614520167,0.28581626003640115,0.2871126900838059,0,1
274,0.0,0,0,0,0,0,12,0,624,0.25014321815209994,0.2524669958288285,0.25292394112914957,0,1
275,1.0,0,1,0,1,0,10,1,228,0.3806422474891012,0.3727927417895427,0.37399268667570496,1,0
276,0.0,1,0,0,1,1,12,0,302,0.341817101759738,0.3359213426678371,0.33648176401047425,0,0
277,1.0,1,0,1,0,0,10,1,260,0.510187302960937,0.5163212718283549,0.5152559631199133,0,0
278,0.0,0,0,0,1,0,8,0,452,0.2258664012164075,0.23292226244805714,0.2313207886134484,0,1
279,0.0,0,0,0,0,0,10,0,203,0.4111225037724221,0.405595032083913,0.407996626853433,1,0
280,0.0,0,0,0,1,0,12,0,304,0.21547368048402224,0.22443790194255353,0.2222348146671338,0,0
281,1.0,1,0,0,0,0,9,0,237,0.5311573503991842,0.5367396317383953,0.536825611162043,1,0
282,1.0,0,1,0,1,0,10,0,516,0.21465115739604537,0.2238268665582551,0.2219832815790696,0,1
283,0.0,1,0,0,1,0,3,0,606,0.3248726656799906,0.3188112481848951,0.32006987912168405,0,1
284,0.0,1,0,0,0,1,8,3,248,0.4906531975468555,0.497206428264013,0.493903316154115,0,0
285,0.0,1,0,0,0,1,10,0,647,0.3721056848104868,0.3665151273893478,0.36887053946932746,0,1
286,0.0,1,0,0,0,1,11,0,238,0.5309821122144911,0.5365390762850567,0.5366331421872667,1,0
287,1.0,1,0,1,0,0,8,0,325,0.47047833791895793,0.4714447981059808,0.4723828941626593,0,0
288,0.0,0,1,0,0,0,8,0,608,0.2529470291071905,0.2549102646789601,0.25540892268057724,0,1
289,0.0,0,0,0,1,1,8,0,278,0.22002987328604434,0.22810920170322244,0.22600438848421545,0,0
290,0.0,0,1,0,0,0,12,2,550,0.3197478098932412,0.3161854512501137,0.3165436884175976,0,1
291,1.0,1,1,1,0,0,9,3,300,0.5598147416470581,0.5713843131274632,0.5678676535627045,0,0
292,0.0,0,0,0,0,1,8,0,243,0.2805809944532206,0.27975509897514256,0.2800843610535459,0,0
293,1.0,1,0,0,0,0,12,1,385,0.446336572237018,0.448025451359333,0.4475445140875747,0,1
294,1.0,1,1,0,0,0,11,2,270,0.45847947444668224,0.4610425831940999,0.4593860208086988,0,0
295,0.0,1,0,0,1,0,7,0,311,0.3402399580974996,0.334303957012402,0.3348918918377113,0,0
296,0.0,0,0,0,1,0,4,0,451,0.22604163940110067,0.23306639986507188,0.23146840470660468,0,1
297,1.0,1,0,1,0,1,11,2,267,0.5372791187050087,0.5465869822905932,0.5441512618085989,0,0
298,1.0,0,0,0,1,0,9,0,245,0.22581273338091856,0.2328295483444361,0.23084048615517283,0,0
299,0.0,0,0,0,0,0,11,0,207,0.41042155103364947,0.40481746971047816,0.40724429431519155,1,0
300,0.0,1,0,0,0,0,10,0,333,0.39080250273716577,0.3866503998981403,0.3879821828029121,0,0
301,1.0,0,0,1,0,1,8,2,265,0.41163665016806544,0.4089399725365899,0.4091440135579095,0,0
302,0.0,1,0,0,0,0,11,0,252,0.4049967956973116,0.40225371278017213,0.4030976350822185,0,0
303,1.0,1,0,0,0,0,11,1,322,0.4210486058057143,0.4193811150159198,0.41948401942955316,0,0
304,1.0,0,0,0,0,1,10,7,268,0.4744294210943579,0.48119701539569254,0.475109613106434,0,0
305,1.0,1,1,0,0,0,11,0,350,0.3878234535973821,0.3834038128833112,0.38483040495055776,0,0
306,1.0,1,0,0,1,1,9,2,295,0.3996807351264376,0.3961764031043509,0.39488280064543035,0,0
307,1.0,0,1,1,0,1,10,0,235,0.4837888115664879,0.483156667013941,0.48532992710225076,1,0
308,0.0,0,0,1,0,0,8,7,248,0.5562081144924679,0.5699139639467629,0.5630408425348205,0,0
309,1.0,1,0,0,0,0,11,1,341,0.41771908029654425,0.4156542664871505,0.415889998390538,0,0
310,0.0,1,0,0,0,0,11,0,231,0.5322087795073431,0.5379427126166167,0.5379802424239536,1,0
311,0.0,1,0,1,1,0,4,0,604,0.4034970717536238,0.39723230862765496,0.39931923494607935,0,1
312,0.0,0,1,1,0,0,8,0,244,0.3586796859727743,0.35300261914200787,0.3550765063452426,0,0
313,0.0,0,0,0,0,1,13,1,294,0.29996233007079326,0.2974264080403845,0.2976187169734603,0,0
314,0.0,0,1,1,0,1,1,1,614,0.35848801274020214,0.35215311652531084,0.35457120908157114,0,1
315,1.0,1,0,0,0,0,11,1,304,0.4242028931301911,0.4229203249018724,0.4228950938044049,0,0
316,1.0,1,0,1,0,0,8,1,280,0.5066825392670739,0.512291831254777,0.5113923596681127,0,0
317,0.0,1,0,1,0,0,10,1,266,0.509135873852778,0.5151126386006286,0.5140970159385588,0,0
318,0.0,1,0,0,0,0,13,1,234,0.5600015479901874,0.5687789710047638,0.5674681800823156,1,0
319,0.0,0,0,0,0,0,9,0,204,0.4109472655877289,0.4054005969316672,0.4078085117992707,1,0
320,0.0,1,1,0,1,0,11,0,310,0.34041519628219274,0.3344834751486847,0.3350683988939207,0,0
321,0.0,0,0,1,0,1,8,1,235,0.5121072946034116,0.514952728521863,0.5156577130317928,1,0
322,0.0,0,0,0,1,0,10,0,278,0.22002987328604434,0.22810920170322244,0.22600438848421545,0,0
323,0.0,1,0,1,0,0,7,2,296,0.5321972113489071,0.5407841801887812,0.538576091683892,0,0
324,1.0,0,0,0,0,0,9,0,252,0.27900385079098217,0.2782948132104439,0.2786181592252347,0,0
325,0.0,0,0,0,0,1,8,4,279,0.38754635195196185,0.38561027013478316,0.38366178292249753,0,0
326,1.0,1,1,0,0,0,11,3,306,0.4804893828346523,0.4855154371125306,0.48269775942487797,0,0
327,1.0,0,0,0,1,1,12,0,317,0.21319558408301117,0.2226180671106723,0.2203635633797475,0,0
328,0.0,1,1,0,0,0,11,0,405,0.4145133255062311,0.41289495528778475,0.41387175418695876,0,1
329,0.0,1,0,0,0,0,11,0,219,0.5343116377236611,0.5403475353525471,0.5402885353156036,1,0
330,0.0,1,0,0,0,0,9,0,284,0.39938917378713057,0.3960638440533391,0.397107408155634,0,0
331,1.0,1,0,0,0,0,9,6,266,0.5724543593331499,0.5880694801790349,0.5808673266710611,0,0
332,1.0,1,0,1,0,1,11,1,323,0.499147297325268,0.5036238020287014,0.5030824617805686,0,0
333,0.0,0,1,0,0,0,9,0,242,0.2807562326379137,0.2799176419305632,0.2802475029195822,0,0
334,0.0,1,0,0,0,1,11,0,238,0.5309821122144911,0.5365390762850567,0.5366331421872667,1,0
335,1.0,1,0,0,1,0,6,1,582,0.35739686514955016,0.35145371464768715,0.3520334038601346,0,1
336,1.0,1,1,0,0,1,10,7,299,0.5949899822751994,0.6122077091414243,0.6041728650440391,0,0
337,0.0,0,0,0,0,0,8,1,230,0.4347095558226306,0.4312495134934631,0.4326056718475003,1,0
338,1.0,0,0,1,0,0,10,1,239,0.511406341864639,0.5141468588478758,0.514885124712316,1,0
339,1.0,1,0,0,0,0,11,0,260,0.40359489021976636,0.40070323900821214,0.40159788528830254,0,0
340,1.0,1,0,0,0,1,11,1,258,0.4322638496260764,0.4320001772944142,0.43163800164329913,0,0
341,0.0,1,0,0,1,0,8,1,337,0.3640022483324012,0.35835172258334846,0.3583013249143203,0,0
342,1.0,0,0,1,0,0,12,0,236,0.4836135733817947,0.4829552603715901,0.48513677078474227,1,0
343,0.0,1,0,0,0,0,8,0,306,0.39553393372388107,0.3918274130366916,0.39300307021465103,0,0
344,1.0,1,0,1,0,0,8,0,237,0.609431280103431,0.6195975485423406,0.6193844083320321,1,0
345,1.0,1,0,1,0,1,8,2,238,0.6658930079925853,0.6773213738167229,0.6756099812043803,1,0
346,0.0,1,0,0,0,1,9,0,253,0.40482155751261845,0.4020597959491549,0.40291008789331567,0,0
347,1.0,1,0,1,0,0,7,0,289,0.47678691256791167,0.4786855925079377,0.47932845286838066,0,0
348,0.0,0,1,1,0,1,10,7,264,0.5534043035373774,0.5667480185664489,0.5599850667704682,0,0
349,1.0,1,0,0,0,0,10,3,308,0.48013890646526597,0.485112508634674,0.4823115537440182,0,0
350,1.0,1,1,0,0,0,10,0,213,0.53536306683182,0.5415492495690604,0.5414421776269346,1,0
351,0.0,0,0,0,0,0,3,0,860,0.20878700656451463,0.21825842996709446,0.2177956547998272,0,1
352,1.0,0,0,1,0,0,8,1,263,0.38366864350052804,0.3789602702301139,0.38025265420509813,0,0
353,1.0,0,0,1,0,0,9,3,485,0.43773070463946706,0.43755576884155356,0.43705918971747343,0,1
354,0.0,0,0,0,1,0,12,1,275,0.24887407087704758,0.2517366717768115,0.24997197521543174,0,0
355,1.0,1,0,0,0,0,12,0,311,0.39465774280041527,0.39086683096161806,0.39207190474039016,0,0
356,1.0,0,0,1,0,0,10,4,227,0.5984646491917281,0.610155033844467,0.606900908125569,1,0
357,0.0,0,1,1,1,1,9,0,392,0.3146546220022438,0.3094111391100041,0.31064988668283633,0,1
358,0.0,1,1,0,0,1,9,0,303,0.39605964827796053,0.3924041651644042,0.3935620638913947,0,0
359,1.0,1,0,1,1,1,10,4,401,0.5523443553940299,0.5635617419955596,0.5585918380616081,0,1
360,0.0,1,0,0,0,0,7,0,284,0.39938917378713057,0.3960638440533391,0.397107408155634,0,0
361,1.0,1,0,1,0,0,8,0,591,0.4601929528575506,0.4597341705758362,0.4616454260890954,0,1
362,0.0,0,0,1,0,0,9,0,230,0.4846650024899537,0.4841637810043735,0.48629575941631215,1,0
363,1.0,1,0,0,1,0,8,1,425,0.38490926014637594,0.3808300549123119,0.3806517543005906,0,1
364,0.0,1,0,0,0,1,4,1,488,0.4282870392136227,0.4275811614456508,0.42788106613258825,0,1
365,0.0,1,1,0,0,0,12,1,454,0.4342451374931901,0.43430597551177597,0.43435460072404575,0,1
366,0.0,1,0,0,0,1,12,0,350,0.3878234535973821,0.3834038128833112,0.38483040495055776,0,0
367,1.0,1,0,0,0,0,10,1,222,0.5621044062065054,0.5711512465434598,0.5697532542968559,1,0
368,1.0,0,0,1,0,0,9,1,259,0.38436959623930067,0.3797198530313859,0.3809909300170354,0,0
369,1.0,1,0,0,0,0,9,0,238,0.5309821122144911,0.5365390762850567,0.5366331421872667,1,0
370,1.0,0,1,0,0,0,9,3,240,0.3660621581180713,0.36318327598314615,0.3620364120902795,0,0
371,1.0,1,0,0,1,0,11,0,563,0.3324079076217964,0.32638997525474206,0.3275567550540829,0,1
372,0.0,0,0,0,0,0,13,1,413,0.31543695815928013,0.3125794264928155,0.31311222524689575,0,1
373,0.0,1,0,0,0,0,10,1,223,0.5619291680218121,0.5709536801832729,0.5695629195470798,1,0
374,0.0,1,0,0,0,1,12,2,253,0.46145852358646594,0.46445139063460733,0.4626562232780783,0,0
375,0.0,0,0,1,0,1,10,5,363,0.5157467292458799,0.525419767022662,0.5210374775745773,0,1
376,1.0,0,0,0,0,0,9,0,227,0.4069167873397863,0.4009368907041556,0.4034878154194083,1,0
377,0.0,1,0,0,1,0,12,0,310,0.34041519628219274,0.3344834751486847,0.3350683988939207,0,0
378,0.0,1,0,1,0,0,3,0,631,0.45318342546982426,0.45173203938924744,0.45395729247735994,0,1
379,0.0,0,0,1,0,0,4,0,786,0.3000285619360552,0.294102233433078,0.29723090591507395,0,1
380,1.0,0,1,0,1,1,9,7,309,0.4128268708190227,0.41255123296792534,0.4071750395214113,0,0
381,1.0,0,1,0,0,0,9,0,236,0.4053396436775479,0.3991946432912296,0.4018002782392999,1,0
382,1.0,0,0,0,0,0,7,3,244,0.36536120537929867,0.3624374438690363,0.3613102124395404,0,0
383,0.0,0,1,0,1,0,9,0,258,0.2235346369799075,0.23096193373319132,0.22892849103297558,0,0
384,0.0,0,0,0,0,0,6,3,413,0.37207392423312763,0.36967006074203435,0.3688238236557838,0,1
385,0.0,1,0,0,0,1,11,21,258,0.9986335103645514,0.9064344669819249,0.9112627141830276,0,0
386,0.0,0,0,1,0,0,7,0,407,0.36644383393476215,0.36126925448756536,0.36363668950596884,0,1
387,1.0,0,0,1,1,1,5,1,439,0.33473691035858916,0.32881398794031375,0.32969994611047343,0,1
388,1.0,0,0,1,0,0,10,1,257,0.38472007260868696,0.380099865788594,0.38136023063660435,0,0
389,1.0,1,0,0,0,1,8,0,332,0.39097774092185894,0.3868416928858866,0.3881678137573414,0,0
390,0.0,0,0,1,0,1,12,1,304,0.3764838779281085,0.3712093105687455,0.37271091006781676,0,0
391,0.0,0,0,0,1,1,11,7,310,0.4126516326343295,0.41235577649859534,0.4069870176091005,0,0
392,1.0,0,0,1,0,0,8,1,499,0.37864040397991533,0.37359267675856794,0.37551168831669507,0,1
393,1.0,1,1,0,1,0,11,0,330,0.33691043258832953,0.3309022722338674,0.3315452246338059,0,0
394,0.0,0,0,1,0,0,9,0,332,0.34325872571977634,0.33696618260559474,0.33933201678773395,0,0
395,0.0,0,0,0,0,0,10,9,248,0.5345711508620685,0.548680009405201,0.539564370322392,0,0
396,0.0,0,1,0,1,0,9,0,444,0.22726830669395276,0.23407709957723477,0.23250318664933145,0,1
397,1.0,0,1,0,0,0,12,0,424,0.2851908550907316,0.2841054594440409,0.28487619584585533,0,1
398,0.0,0,0,0,1,0,12,0,568,0.20553877179200114,0.21662504139997868,0.21455766233067403,0,1
399,0.0,1,1,0,1,0,6,1,305,0.3696098702425823,0.3643077374756044,0.36410827454229433,0,0
400,1.0,1,1,0,1,1,11,0,371,0.3660536390828828,0.36130598358503707,0.3618024016259902,0,1
401,1.0,1,0,1,0,0,9,0,427,0.4889320151472285,0.49271596556992286,0.4932858198676499,0,1
402,0.0,0,0,1,0,0,5,1,503,0.3779394512411427,0.37283798338486124,0.3747767144815083,0,1
403,0.0,0,0,1,0,1,12,3,280,0.43732656043459184,0.43703112960654283,0.4360561008259204,0,0
404,0.0,1,0,0,0,0,14,1,297,0.42542956042304325,0.42429884492139597,0.4242232003175598,0,0
405,0.0,1,0,0,0,1,12,1,315,0.4222752730985664,0.4207565100471144,0.42080984433384594,0,0
406,0.0,0,0,1,1,0,12,2,362,0.3765487336168861,0.3718655307347505,0.37168409653408796,0,1
407,1.0,1,0,0,0,1,9,4,294,0.510910724087894,0.5197276922912126,0.5153431279207142,0,0
408,0.0,0,0,0,0,1,9,12,276,0.6146199308014313,0.6351646486418715,0.6231964878738323,0,0
409,0.0,1,0,0,0,1,10,8,280,0.6266379908212931,0.645462696005511,0.6366082914271096,0,0
410,0.0,1,0,0,0,1,10,0,328,0.39167869366063157,0.3876072135208091,0.3889105927056624,0,0
411,0.0,1,0,0,0,0,12,1,319,0.42157432035979375,0.419970417964436,0.42005211910452445,0,0
412,0.0,0,0,0,0,0,10,1,297,0.2994366155167138,0.29692103463109526,0.2971153640720321,0,0
413,1.0,0,0,0,0,0,8,1,236,0.4336581267144716,0.4300629550011277,0.4314628109435489,1,0
414,0.0,1,0,0,0,0,11,2,272,0.45812899807729596,0.4606417802337501,0.45900146737637326,0,0
415,0.0,0,0,0,0,1,12,1,258,0.30627090471974694,0.30352933253691283,0.3036890607047008,0,0
416,0.0,0,1,0,0,0,6,0,768,0.22490891955628517,0.23118332554527254,0.23114379000583746,0,1
417,0.0,0,0,0,0,1,11,0,261,0.27742670712874373,0.27683922010211137,0.2771557052158572,0,0
418,1.0,0,1,1,0,1,9,3,416,0.44982213938329496,0.4512960050248227,0.45026225871948306,0,1
419,0.0,0,0,1,0,0,8,4,362,0.4876034843936493,0.493836754850381,0.49090619788122764,0,1
420,1.0,1,0,0,0,0,10,6,279,0.5701762629321389,0.5855271847193237,0.5784048084914031,0,0
421,0.0,0,1,1,0,0,9,0,291,0.3504434912921958,0.344393750573946,0.34663466381449315,0,0
422,1.0,0,1,0,0,0,10,0,281,0.2739219434348806,0.2736214475924814,0.27391931672807257,0,0
423,1.0,1,0,0,1,0,12,2,340,0.3917950168152455,0.38752745953674866,0.38651353259925,0,0
424,1.0,0,0,0,0,0,15,3,554,0.3473653401913923,0.34358549916075676,0.3433692804454344,0,1
425,0.0,0,0,0,1,1,8,0,318,0.21302034589831803,0.22247851690082915,0.2202199960498481,0,0
426,0.0,1,0,0,0,1,10,2,341,0.446037563333468,0.44684872465538006,0.44576030120744603,0,0
427,1.0,0,0,1,0,1,9,7,249,0.5560328763077748,0.569716257002076,0.5628499647511415,0,0
428,1.0,1,0,0,0,0,8,1,245,0.43454194602708746,0.4345748028276218,0.4341150994372031,0,0
429,0.0,1,0,0,1,1,8,3,322,0.4232677871766461,0.4216577486903179,0.41931048889937955,0,0
430,0.0,0,0,0,0,1,10,0,240,0.28110670900730006,0.280242900966056,0.28057392467961917,0,0
431,0.0,1,0,0,1,0,6,0,509,0.34187076959522694,0.33603712698065974,0.33705770136224245,0,1
432,1.0,1,0,0,0,1,11,1,424,0.4395022830339848,0.44025987004759776,0.44008125701991296,0,1
433,0.0,0,0,0,0,1,8,0,251,0.27917908897567534,0.27845683573651603,0.2787808857959142,0,0
434,0.0,1,0,0,1,1,12,0,367,0.3667545918216554,0.362050809544699,0.36252893842536943,0,1
435,1.0,0,0,0,1,1,10,2,588,0.2586709741719855,0.2597786392692369,0.2583893980921669,0,1
436,0.0,0,0,0,1,1,11,1,481,0.24910297689722966,0.2519864394763224,0.25062769102293425,0,1
437,0.0,0,0,0,0,0,10,0,240,0.28110670900730006,0.280242900966056,0.28057392467961917,0,0
438,1.0,1,1,1,1,0,14,1,762,0.40412792160902855,0.39718256426484017,0.3991212896039956,0,1
439,0.0,1,0,0,1,1,12,0,342,0.3348075743720117,0.328762883113681,0.32943842693589637,0,0
440,0.0,0,0,0,1,1,10,1,289,0.24642073629134337,0.24961566803863497,0.24782155155628338,0,0
441,0.0,1,0,0,0,0,12,1,302,0.42455336949957745,0.42331406628036744,0.4232744640872068,0,0
442,0.0,1,0,0,0,1,12,2,360,0.442708037824298,0.44306404808997285,0.44212414450334014,0,0
443,0.0,1,0,0,1,0,11,4,316,0.4526376993217288,0.4541529046584649,0.4503758373579707,0,0
444,0.0,1,0,1,0,1,9,0,324,0.4706535761036511,0.47164578326791634,0.47257572281018956,0,0
445,0.0,1,0,0,1,0,10,0,365,0.3671050681910417,0.3624234714375344,0.3628923927441377,0,1
446,0.0,1,1,0,0,0,10,1,486,0.428637515583009,0.42797602398744344,0.4282613430927293,0,1
447,0.0,0,1,0,1,0,3,0,698,0.18275780778189057,0.19936060465760025,0.19663788348248545,0,1
448,0.0,0,0,0,0,1,4,9,531,0.5213067166608775,0.5335892788443272,0.5255513958044965,0,1
449,1.0,1,0,0,1,0,9,0,398,0.3613222080961675,0.3562959834581933,0.3569114173469533,0,1
450,0.0,0,0,1,0,0,11,0,253,0.35710254231053584,0.3513465033235454,0.3534543132164744,0,0
451,0.0,1,0,0,0,1,8,1,251,0.43349051691892854,0.43338606676231173,0.43297149593168344,0,0
452,0.0,1,0,0,1,0,12,0,347,0.3339313834485459,0.3278735567333518,0.3285621851901538,0,0
453,1.0,1,0,1,0,1,10,5,353,0.6071640839321683,0.6222734793322885,0.6168992013728118,0,0
454,0.0,0,1,0,0,0,9,1,359,0.288571848065738,0.2865888564800688,0.2868010646027289,0,0
455,0.0,0,0,0,0,1,9,1,267,0.3046937610575085,0.3019969825072145,0.3021662984749852,0,0
456,0.0,1,0,0,1,0,12,0,334,0.33620947984955696,0.33018835991770284,0.33084236221371566,0,0
457,0.0,0,0,0,1,1,10,0,400,0.23497878682045173,0.24049955994489097,0.23906608758621178,0,1
458,1.0,0,0,0,0,0,12,2,285,0.32985795676995544,0.3262716299300837,0.32604438896728294,0,0
459,1.0,1,0,0,0,0,9,1,250,0.43366575510362165,0.4335841365896035,0.4331620578055701,0,0
460,0.0,1,1,0,0,0,10,0,249,0.4055225102513911,0.402835646519299,0.40366041024997246,0,0
461,1.0,0,0,0,0,0,10,0,254,0.2786533744215958,0.2779709419830353,0.27829284491758216,0,0
462,0.0,0,0,0,1,0,14,0,338,0.20951558220445485,0.21970063330761386,0.217359934134373,0,0
463,1.0,1,0,0,0,0,12,0,259,0.40377012840445947,0.4008969402303103,0.40178527525866536,0,0
464,1.0,0,1,0,0,0,4,0,633,0.24856607448986157,0.2510994913671775,0.2515317514105797,0,1
465,1.0,0,0,1,0,0,10,2,310,0.40375093185687333,0.4001970629360759,0.40069442461391686,0,0
466,0.0,1,0,0,0,0,12,1,262,0.43156289688730376,0.43120871670943484,0.4308763535212316,0,0
467,0.0,1,0,0,0,0,9,0,249,0.4055225102513911,0.402835646519299,0.40366041024997246,0,0
468,0.0,0,0,0,1,1,11,3,354,0.2916672203601356,0.28933131879127516,0.2874751367701659,0,0
469,1.0,0,0,1,0,0,10,2,382,0.4274617546259386,0.4267214019302211,0.42678530282675703,0,1
470,1.0,1,0,0,0,0,10,1,270,0.4301609914097585,0.4296268531031721,0.4293538310695734,0,0
471,0.0,1,0,1,0,0,12,0,332,0.46925167062610584,0.47003816481119254,0.4710332773838556,0,0
472,0.0,1,0,1,0,1,10,3,319,0.5564852161378882,0.5676272401366467,0.5642456401413415,0,0
473,0.0,1,1,0,0,0,10,0,430,0.41013237088890214,0.4080157239045641,0.409158919323362,0,1
474,1.0,0,0,1,0,0,9,1,231,0.5128082473421842,0.5157585204482954,0.5164302425728668,1,0
475,0.0,1,0,0,0,0,11,0,289,0.39851298286366477,0.3950996233196922,0.396173585034121,0,0
476,1.0,1,0,1,1,0,11,3,292,0.5067988624216877,0.5122078802062084,0.5088965472011839,0,0
477,0.0,0,0,0,1,1,9,1,403,0.262771555303296,0.2640284283722801,0.2628040337087829,0,1
478,1.0,1,0,0,0,0,11,0,201,0.537465925048138,0.5439512147585202,0.5437484057485203,1,0
479,1.0,1,0,0,0,0,8,1,216,0.5631558353146643,0.5723361664339617,0.5708949209502029,1,0
480,0.0,1,0,0,1,0,9,0,432,0.35536410981660016,0.35003166709361916,0.35078578532974863,0,1
481,0.0,1,0,0,1,1,10,0,413,0.35869363532577014,0.35352609974210264,0.3542042719714709,0,1
482,1.0,0,0,1,0,0,10,10,253,0.6402873726797733,0.6590694526882404,0.64965064951811,0,0
483,0.0,0,0,0,0,0,9,1,222,0.43611146130017586,0.4328328178086269,0.43413036222574525,1,0
484,0.0,0,0,0,1,0,11,2,260,0.2798211266843687,0.2788756735472066,0.27716924812978827,0,0
485,0.0,0,0,0,1,1,7,1,563,0.2347334457523907,0.23972584069893033,0.23815652132863213,0,1
486,0.0,1,0,0,0,1,7,0,308,0.3951834573544947,0.39144307921751015,0.39263053022444516,0,0
487,1.0,0,1,1,0,0,14,1,358,0.36702101595467795,0.3611015723846902,0.36285228646374923,0,0
488,0.0,0,1,1,0,0,11,0,265,0.35499968409421795,0.34914390816666735,0.35129552761620275,0,0
489,0.0,0,0,1,0,1,11,2,271,0.41058522105990647,0.4077707880714291,0.40801486701797496,0,0
490,0.0,0,1,0,1,1,13,0,351,0.20723748580344378,0.21790841771941125,0.21551245259337087,0,0
491,0.0,0,0,1,0,0,8,0,680,0.31860380951352996,0.31215828114167815,0.3152496655816185,0,1
492,1.0,1,0,1,0,1,10,2,279,0.5351762604886907,0.5441872665085443,0.5418452855137328,0,0
493,1.0,1,1,0,0,0,15,0,618,0.37718759216658837,0.3719626267648343,0.3741826280070748,0,1
494,0.0,0,0,1,1,1,9,0,242,0.30461237763924487,0.29956582580792307,0.30041636510270947,0,0
495,1.0,0,0,1,0,0,10,0,365,0.3738038376918748,0.3691222437102884,0.371302466851675,0,1
496,0.0,0,0,0,0,0,8,0,212,0.40954536011018366,0.40384618850830867,0.4063043599395201,1,0
497,0.0,1,0,1,0,0,9,2,256,0.5392067387366334,0.5487848242340619,0.5462637695940203,0,0
498,0.0,1,0,0,1,0,11,0,422,0.3571164916635317,0.35186886365540326,0.35258350396256566,0,1
499,1.0,0,0,0,1,0,8,0,365,0.24111212328471227,0.24569362365609074,0.24435805302877672,0,1
500,0.0,1,0,0,0,0,12,0,241,0.40692441572893634,0.40438880377775366,0.40516211648036016,0,0
501,1.0,1,0,1,0,0,9,0,247,0.4841469163250243,0.487144306119515,0.48743939722837454,0,0
502,0.0,0,0,1,0,0,12,1,258,0.3845448344239938,0.37990984100615227,0.3811755668001521,0,0
503,0.0,0,1,1,0,0,11,3,276,0.43802751317336447,0.43782505084898976,0.4368194215010317,0,0
504,1.0,1,0,0,0,0,12,1,321,0.4212238439904074,0.419577523869978,0.41967336740286876,0,0
505,0.0,0,0,0,0,0,12,0,328,0.2656857487543021,0.26615212455439785,0.2663881156528238,0,0
506,0.0,0,0,0,0,0,12,0,239,0.4048139291234684,0.39861445836156273,0.40123817080588553,1,0
507,0.0,1,0,0,0,0,11,0,295,0.3974615537555058,0.3939436354429759,0.39505378361937626,0,0
508,0.0,0,0,0,0,1,12,1,394,0.3187664836684501,0.3158816765368117,0.3163812429501957,0,1
509,0.0,0,0,0,0,0,12,0,324,0.26638670149307475,0.2667827277750395,0.26702496721011804,0,0
510,0.0,1,0,0,0,1,8,0,368,0.42099713833987795,0.42014745974762846,0.4208693810829745,0,1
511,0.0,0,0,0,1,1,11,0,376,0.23918450325308754,0.2440530884231296,0.24268809220321264,0,1
512,0.0,0,0,0,0,0,9,0,296,0.27129337066448317,0.27122347549536907,0.27150434771915266,0,0
513,1.0,1,0,0,0,1,11,0,237,0.5311573503991842,0.5367396317383953,0.536825611162043,1,0
514,0.0,0,0,0,0,0,8,0,806,0.21824986853794517,0.22578077895482254,0.22557584894346733,0,1
515,0.0,1,0,0,0,1,12,1,289,0.4268314659005885,0.4258757386753164,0.42574208982672895,0,0
516,0.0,1,0,0,0,0,9,0,253,0.40482155751261845,0.4020597959491549,0.40291008789331567,0,0
517,1.0,1,0,0,0,1,10,3,373,0.5050763965271834,0.5138669216769747,0.5103809695601285,0,1
518,1.0,0,1,0,1,0,12,0,571,0.20501305723792168,0.21621471021615155,0.2141337129040768,0,1
519,1.0,0,0,1,0,1,11,1,320,0.373680066973018,0.36820219210248856,0.36978079643603545,0,0
520,1.0,0,0,1,0,0,8,1,381,0.39931850977370803,0.3961192367662367,0.3973860336670385,0,1
521,0.0,1,1,0,0,0,8,1,280,0.42840860956282695,0.42765154648103926,0.42745215742600295,0,0
522,0.0,1,0,1,0,0,14,4,320,0.5846284609901188,0.5983507403703017,0.5937867076727594,0,0
523,0.0,0,0,0,0,0,12,0,241,0.2809314708226069,0.2800802426015911,0.28041069080338593,0,0
524,0.0,1,0,0,0,1,9,0,239,0.5308068740297979,0.5363385090103532,0.536440664637321,1,0
525,0.0,0,0,0,1,1,11,0,279,0.21985463510135117,0.22796721874037076,0.22585873971166776,0,0
526,0.0,1,0,1,0,0,8,2,471,0.537858501094577,0.5473151653142843,0.5453528966407488,0,1
527,0.0,1,0,1,1,0,9,2,493,0.47958547632841186,0.48175109512389536,0.4803592278840637,0,1
528,0.0,1,1,0,1,1,10,0,335,0.3360342416648638,0.3300100039004315,0.3306667396207877,0,0
529,0.0,1,0,1,0,1,9,2,339,0.5246619694071012,0.5321600911301959,0.5302958103481089,0,0
530,1.0,1,0,0,0,1,12,0,423,0.41135903818175423,0.4093801259951705,0.41047722131004144,0,1
531,1.0,0,0,0,1,0,8,2,282,0.2759658866211192,0.2753212904529231,0.27361016536353466,0,0
532,0.0,1,0,0,0,1,9,1,251,0.43349051691892854,0.43338606676231173,0.43297149593168344,0,0
533,0.0,0,0,0,1,0,9,1,259,0.25167788183213813,0.2541752760333318,0.2524416752253017,0,0
534,0.0,0,0,0,1,0,12,1,249,0.2534302636790697,0.25570728910802887,0.25399174275638137,0,0
535,1.0,0,1,0,0,0,8,0,294,0.2716438470338695,0.2715424417012092,0.2718257298853991,0,0
536,0.0,0,0,0,0,0,11,2,274,0.33178557680158016,0.3282248748621124,0.3279673836049801,0,0
537,0.0,0,0,0,0,1,8,0,251,0.27917908897567534,0.27845683573651603,0.2787808857959142,0,0
538,1.0,0,1,1,0,0,9,0,380,0.37117526492147745,0.36630939027824044,0.3685586416268408,0,1
539,0.0,0,0,0,1,1,10,0,310,0.2144222513758633,0.2235966671259407,0.221370035770038,0,0
540,1.0,1,0,1,0,0,10,5,294,0.6175031368290647,0.6333918839753546,0.6277623574107345,0,0
541,0.0,0,1,0,0,0,8,1,376,0.321920770992927,0.3190273653937013,0.3194915041337997,0,1
542,0.0,0,0,0,1,1,9,1,314,0.2420397816740144,0.2458579284769201,0.24400620605854273,0,0
543,1.0,1,1,0,0,0,9,0,512,0.3957628397440632,0.3921433324529298,0.3937961971315665,0,1
544,0.0,0,0,0,0,1,4,2,264,0.33353795864851177,0.33000572749854945,0.3297195287336394,0,0
545,1.0,0,0,1,0,0,7,2,230,0.5413019685638012,0.5476274382074778,0.5468550509661506,1,0
546,0.0,0,1,0,0,0,10,0,282,0.2737467052501874,0.27346117227207867,0.2737579890109798,0,0
547,1.0,0,0,0,0,0,7,0,338,0.26393336690737057,0.26457977865613647,0.26479935612270356,0,0
548,1.0,0,0,0,0,0,9,0,234,0.40569012004693417,0.39958159061422394,0.4021751294989747,1,0
549,1.0,1,0,0,0,1,9,0,247,0.4058729866207774,0.4032237544913217,0.4040357046152977,0,0
550,0.0,0,0,1,0,0,11,0,255,0.3567520659411495,0.35097896131037926,0.3530941858284232,0,0
551,0.0,1,1,0,0,1,9,3,273,0.48627224292952653,0.49216608514760335,0.48907222712045867,0,0
552,0.0,1,0,0,0,0,10,0,247,0.4058729866207774,0.4032237544913217,0.4040357046152977,0,0
553,0.0,1,0,0,1,0,12,0,288,0.3442704363454422,0.33844493226688216,0.3389607108973759,0,0
554,0.0,0,1,1,0,0,15,0,506,0.3490952536501395,0.34305529921794575,0.34578674358899586,0,1
555,1.0,0,1,0,1,1,10,3,458,0.3097704212190198,0.3068175559506595,0.3052729001990446,0,1
556,0.0,1,0,1,0,0,10,2,275,0.5358772132274634,0.5449874053511491,0.5426141046734478,0,0
557,0.0,0,0,0,0,1,12,0,253,0.278828612606289,0.27813284861875526,0.27845547892411704,0,0
558,0.0,1,1,0,0,0,11,0,426,0.4108333236276748,0.40879521005690195,0.4099121099545803,0,1
559,0.0,1,0,0,0,0,11,0,378,0.41924475649294635,0.4181837822997839,0.41897556599170194,0,1
560,1.0,1,1,1,0,0,10,0,226,0.6113589001350557,0.6216864361738618,0.621413004488904,1,0
561,0.0,1,0,0,1,0,7,0,425,0.3565907771094522,0.35131724118398205,0.35204384038557845,0,1
562,0.0,0,1,0,1,0,14,0,423,0.2309483085725091,0.23712742510100351,0.23562291386757273,0,1
563,0.0,1,0,0,0,1,10,0,276,0.40079107926467583,0.39760827636272533,0.3986027507675276,0,0
564,1.0,0,0,1,0,0,12,0,720,0.31159428212580365,0.30527342632546506,0.3083952213883444,0,1
565,0.0,0,0,0,1,1,4,0,657,0.18994257335431006,0.20469140296571936,0.20218918358268662,0,1
566,0.0,0,0,1,1,0,3,1,477,0.32807785934024913,0.3220857222903539,0.32306216036640145,0,1
567,0.0,1,0,1,1,0,10,0,305,0.4195653169099054,0.41500160308750167,0.4160094661397964,0,0
568,0.0,1,0,0,0,0,12,3,308,0.48013890646526597,0.485112508634674,0.4823115537440182,0,0
569,0.0,1,0,0,1,1,9,1,325,0.3661051065487191,0.3605802244778012,0.360475176994676,0,0
570,1.0,1,0,0,1,0,11,0,234,0.477265280250348,0.4761508571905476,0.47662393349850407,1,0
571,0.0,1,0,0,1,1,13,0,436,0.3546631570778275,0.349298028967165,0.3500676295427062,0,1
572,0.0,1,0,1,1,0,3,0,577,0.40822850274033906,0.4024580382496474,0.40437923671732356,0,1
573,1.0,0,0,1,0,0,8,0,251,0.3574530186799222,0.35171422164754046,0.3538145718433787,0,0
574,0.0,1,0,0,0,0,11,0,216,0.5348373522777405,0.5409484519944595,0.5408653994878782,1,0
575,0.0,1,0,0,1,1,8,0,266,0.3481256764086917,0.342429166377311,0.34287029111782463,0,0
576,0.0,1,0,0,0,1,8,0,353,0.3872977390433026,0.3828319543372453,0.38427499142552185,0,0
577,1.0,0,1,1,0,0,12,4,365,0.48707776983956985,0.4932319414570686,0.4903264921128548,0,1
578,1.0,1,0,0,0,1,3,2,707,0.4182283598027448,0.41553396404609505,0.41611643674955173,0,1
579,0.0,0,1,1,0,1,11,5,323,0.4864282845666335,0.4916391539070372,0.4881403787337036,0,0
580,0.0,0,0,1,0,0,12,1,330,0.3719276851260864,0.3663279161536065,0.3679532950529616,0,0
581,0.0,1,0,1,1,0,6,0,499,0.42189708114640545,0.41767561824326055,0.41908424495542806,0,1
582,1.0,1,1,0,0,1,12,5,384,0.5597857425694062,0.5747028466734475,0.5685848154354172,0,1
583,0.0,1,0,1,1,0,5,1,313,0.4464818944692839,0.44459062038372765,0.4443497100031664,0,0
584,1.0,0,1,0,0,0,10,1,353,0.2896232771738969,0.2875793033035782,0.2877917678423529,0,0
585,0.0,1,0,0,0,0,11,0,257,0.4041206047738458,0.40128443552371124,0.4021601229092173,0,0
586,0.0,1,0,0,0,0,11,0,803,0.3447685279983541,0.337821263313798,0.3407457442452045,0,1
587,0.0,1,0,0,0,1,2,0,464,0.40417427260933475,0.4014091310097807,0.402770603474433,0,1
588,0.0,1,0,1,0,1,10,5,277,0.6204821859688483,0.6365698988273603,0.6308740719830022,0,0
589,0.0,0,0,0,1,1,7,0,685,0.18503590418290164,0.20103948462832572,0.1983879739131335,0,1
590,0.0,1,0,0,0,0,11,0,283,0.3995644119718237,0.3962567854558663,0.39729424377485256,0,0
591,0.0,0,0,0,0,1,13,0,286,0.2730457525114148,0.2728206567789549,0.27311314846000967,0,0
592,1.0,0,1,0,0,1,12,4,359,0.37352729717650923,0.3704407413429745,0.36894915122458044,0,0
593,1.0,1,0,0,0,1,10,1,374,0.4482641922686427,0.45022050279292497,0.4496530151581642,0,1
594,0.0,1,0,1,0,0,16,0,307,0.4736326252434348,0.47506388466908706,0.4758547564500082,0,0
595,0.0,1,0,0,0,0,10,0,248,0.40569774843608425,0.4030296853280227,0.40384804636823546,0,0
596,1.0,1,0,0,0,0,8,1,212,0.563856788053437,0.5731256531137654,0.5716557033134173,1,0
597,0.0,1,0,0,0,1,9,1,248,0.434016231473008,0.4339803398476735,0.43354322813623414,0,0
598,1.0,1,0,1,0,0,9,1,304,0.5024768228344381,0.5074544390235133,0.5067546558342699,0,0
599,1.0,0,0,0,0,0,12,1,234,0.43400860308385797,0.4304583859329928,0.43184370132334426,1,0
600,0.0,0,1,0,1,0,9,2,299,0.2729868374813355,0.2725940439218308,0.27087554174611256,0,0
601,0.0,0,0,1,1,0,9,2,261,0.3579198182039224,0.35200546997910576,0.3518497820529026,0,0
602,0.0,1,0,0,0,1,10,1,287,0.4271819422699748,0.4262701991113529,0.42612198535205803,0,0
603,0.0,1,0,0,0,0,11,0,215,0.5350125904624337,0.5411487311674685,0.5410576684863541,1,0
604,0.0,0,0,0,0,0,11,0,290,0.27234479977264214,0.2721810795015758,0.27246906157300443,0,0
605,0.0,0,0,0,1,1,7,0,296,0.2168755859615675,0.22556304295103102,0.2233908462667039,0,0
606,0.0,1,0,0,0,0,10,1,278,0.42875908593221324,0.4280464254165705,0.42783235880675463,0,0
607,0.0,1,0,1,0,0,10,2,280,0.5350010223039976,0.5439871959884087,0.5416530561452794,0,0
608,1.0,1,0,1,0,1,9,5,279,0.620131709599462,0.6361966268400441,0.6305084282139457,0,0
609,0.0,1,1,0,1,1,7,1,333,0.3647032010711738,0.3590938824638511,0.35902543619119487,0,0
610,0.0,1,0,1,0,0,18,0,528,0.4712329584932195,0.47237814232169384,0.47378224015551196,0,1
611,0.0,0,1,0,1,0,12,0,634,0.1939730516022527,0.20772787368107803,0.20534396418669854,0,1
612,1.0,1,0,0,0,1,8,1,250,0.43366575510362165,0.4335841365896035,0.4331620578055701,0,0
613,0.0,0,1,1,0,0,9,0,224,0.4857164315981126,0.4853724868845343,0.48745486381325,1,0
614,1.0,1,1,0,1,0,11,0,406,0.35992030261862223,0.35481750181526683,0.3554666995355352,0,1
615,1.0,1,0,0,0,0,10,1,230,0.5607025007289601,0.5695700858568169,0.5682301261635958,1,0
616,0.0,0,0,1,0,0,6,0,464,0.35645525740725215,0.3507297694583935,0.35332036524633387,0,1
617,0.0,0,0,0,0,0,8,0,253,0.278828612606289,0.27813284861875526,0.27845547892411704,0,0
618,0.0,1,0,0,1,1,12,0,348,0.3337561452638527,0.3276958393625565,0.3283870497172605,0,0
619,0.0,0,0,0,1,0,9,0,455,0.22534068666232804,0.2324902227312939,0.23087825553397195,0,1
620,0.0,0,0,0,0,0,9,0,232,0.4060405964163205,0.399968663317215,0.4025500707499316,1,0
621,1.0,0,0,1,0,1,13,0,349,0.34027967657999264,0.33390966289920604,0.336321506909697,0,0
622,1.0,1,0,0,0,1,15,0,335,0.3904520263677795,0.38626791889648243,0.3876109977136637,0,0
623,1.0,1,0,0,0,0,12,0,439,0.4085552272266637,0.4062635766353558,0.4074654701656319,0,1
624,1.0,1,0,0,0,1,10,6,268,0.5721038829637636,0.5876786599522048,0.5804886813055364,0,0
625,1.0,1,0,0,1,0,12,0,318,0.3390132908046475,0.33304867557726453,0.33365736536066226,0,0
626,1.0,0,1,0,1,0,11,3,311,0.29920246230194136,0.2965143013092773,0.29461840058420846,0,0
627,0.0,1,0,1,0,1,11,3,309,0.5582375979848198,0.56960564512007,0.5661526546979361,0,0
628,0.0,1,0,0,0,0,12,0,366,0.42134761470926424,0.4205405008513039,0.4212483654246417,0,1
629,0.0,0,1,0,0,0,7,0,383,0.29237562066315115,0.29087902197862897,0.2916566121562514,0,1
630,1.0,1,0,0,0,0,8,0,227,0.5329097322461158,0.5387445219842018,0.5387498194232336,1,0
631,0.0,0,1,0,0,0,7,0,410,0.28764418967643585,0.28640766916782734,0.2871829916337817,0,1
632,0.0,1,0,0,0,1,12,5,260,0.5451873054043851,0.5581363998816785,0.5521048177683132,0,0
633,0.0,0,1,0,0,0,7,0,234,0.40569012004693417,0.39958159061422394,0.4021751294989747,1,0
634,0.0,1,0,0,0,0,8,1,327,0.4201724148822485,0.41839945503294523,0.41853756004238873,0,0
635,1.0,1,0,0,0,0,10,1,261,0.43173813507199693,0.43140654907982584,0.43106674156570357,0,0
636,0.0,1,1,0,0,1,10,4,323,0.5058288167317924,0.5138868584165367,0.5097405707232894,0,0
637,1.0,0,0,0,0,1,9,3,248,0.36466025264052604,0.36169227347002597,0.3605845121801562,0,0
638,0.0,0,0,0,0,1,12,1,336,0.2926023263136806,0.2903966210787833,0.2906075042897257,0,0
639,0.0,0,0,1,1,1,6,3,450,0.38944625640081193,0.38509658950551945,0.384381370041923,0,1
640,1.0,1,0,0,0,1,9,2,306,0.45217089979772856,0.45383633270098267,0.45247021933459985,0,0
641,0.0,1,0,0,0,1,16,0,343,0.3890501208902342,0.3847394022420131,0.386127287484134,0,0
642,0.0,1,0,0,0,1,12,1,265,0.4310371823332243,0.430615351551534,0.43030528593876516,0,0
643,0.0,0,0,1,0,0,10,1,232,0.5126330091574911,0.5155570799842326,0.516237115856506,1,0
644,1.0,1,0,1,0,1,11,2,362,0.5569594632261313,0.5689927818685956,0.5662125533870795,0,1
645,1.0,0,0,0,1,0,9,7,279,0.4180840163598174,0.4184274881767885,0.4128254564279922,0,0
646,0.0,0,0,0,1,0,9,0,248,0.2252870188268391,0.23239762849839612,0.2303984666338103,0,0
647,0.0,0,0,1,0,0,9,0,326,0.3443101548279353,0.3380482342741327,0.340397015260412,0,0
648,1.0,0,0,1,0,1,8,0,691,0.31667618948190523,0.31025648981330856,0.31335820985819374,0,1
649,1.0,0,0,0,1,0,7,2,386,0.29406908748000343,0.2923090765813636,0.29100566991702315,0,1
650,1.0,0,0,0,0,0,12,1,295,0.2997870918861001,0.29725789512584255,0.29745088943128617,0,0
651,1.0,1,0,0,0,1,10,0,290,0.3983377446789716,0.3949068768103888,0.39598689169055146,0,0
652,0.0,0,0,0,1,1,11,0,243,0.22616320975030488,0.23311780536406826,0.23113542873493625,0,0
653,0.0,0,1,0,1,1,10,16,380,0.691579279105095,0.7113253873320092,0.697422577933586,0,1
654,1.0,0,0,1,0,0,14,0,279,0.3525463495085137,0.34658233638842695,0.3487829990867847,0,0
655,0.0,0,0,1,0,1,6,0,537,0.3436628699246516,0.33744269992274617,0.34026492036574907,0,1
656,1.0,1,0,0,0,1,9,4,254,0.5179202514756203,0.5277748450898732,0.5230655964469405,0,0
657,0.0,1,0,0,0,1,18,0,434,0.4094314181501295,0.4072367002563025,0.40840606392205403,0,1
658,1.0,1,0,0,0,1,10,1,290,0.42665622771589534,0.4256785437974116,0.42555216788576644,0,0
659,0.0,0,0,1,0,0,8,0,634,0.32666476600941524,0.32017951427816793,0.3232115146214609,0,1
660,0.0,0,0,0,0,0,10,3,230,0.4913465218964781,0.4944252787655191,0.49295247594622127,1,0
661,0.0,0,0,1,1,1,4,4,578,0.3953342517970114,0.3907925036360766,0.38974980047721897,0,1
662,1.0,1,0,0,1,0,9,0,362,0.3676307827451212,0.3629827743652242,0.3634378057798265,0,1
663,1.0,0,0,1,0,1,6,6,436,0.5312728248002031,0.5424267415298801,0.5372181221414611,0,1
664,1.0,1,0,0,0,0,10,0,258,0.40394536658915264,0.40109067242067725,0.40197268781272943,0,0
665,0.0,1,0,0,0,0,9,2,246,0.46268519087931803,0.4658560015536656,0.46400352397020117,0,0
666,1.0,1,0,0,0,1,9,2,325,0.4488413742885585,0.4500406240811323,0.4488258832172281,0,0
667,0.0,1,0,0,0,1,11,7,393,0.6148455649810152,0.6337320846453196,0.6257013721164879,0,1
668,1.0,1,1,0,0,0,10,1,248,0.434016231473008,0.4339803398476735,0.43354322813623414,0,0
669,0.0,0,0,0,0,0,9,0,200,0.41164821832650156,0.4061785149856884,0.4085610991096523,1,0
670,0.0,0,0,0,0,0,12,1,330,0.2936537554218396,0.2913948524123374,0.29160436179454374,0,0
671,0.0,0,1,1,0,0,7,0,335,0.3427330111656969,0.3364257960085612,0.3387999977784785,0,0
672,1.0,1,1,0,1,0,12,1,321,0.36680605928749177,0.36132440069958993,0.36120080177848535,0,0
673,1.0,0,1,0,0,0,8,3,433,0.3685691605392645,0.36591926386612444,0.36517493905784415,0,1
674,1.0,1,1,0,0,1,11,2,247,0.4625099526946249,0.4656553091741705,0.46381102680340813,0,0
675,0.0,0,0,0,0,1,8,0,421,0.2857165696448111,0.2845978496671491,0.2853697643839117,0,1
676,0.0,1,0,0,0,0,9,0,229,0.5325592558767295,0.538343642097299,0.5383650488798292,1,0
677,0.0,0,0,0,1,1,12,3,327,0.29639865134685084,0.2938295209291386,0.2919508847714509,0,0
678,1.0,0,1,0,0,0,9,0,402,0.2890460951539811,0.28772821982267105,0.2885051184441496,0,1
679,1.0,0,1,1,1,1,8,13,294,0.6636402715152094,0.6819291667601124,0.6700704210525829,0,0
680,1.0,0,1,0,0,0,9,0,268,0.27620003983589164,0.2757103464209456,0.27602084370030855,0,0
681,1.0,1,0,1,0,1,10,0,231,0.6104827092115899,0.6207374962633944,0.6204913262548153,1,0
682,1.0,1,0,0,0,0,11,0,232,0.53203354132265,0.5377422294387622,0.5377878258407116,1,0
683,0.0,1,0,0,0,1,12,0,264,0.4028939374809937,0.3999287449132187,0.40084855206886555,0,0
684,0.0,0,0,0,0,0,12,0,243,0.2805809944532206,0.27975509897514256,0.2800843610535459,0,0
685,0.0,0,0,0,0,0,12,0,304,0.2698914651869379,0.26994996556782125,0.2702207146726266,0,0
686,1.0,1,0,0,0,0,12,0,276,0.40079107926467583,0.39760827636272533,0.3986027507675276,0,0
687,1.0,0,0,0,0,0,12,2,280,0.33073414769342124,0.3271587262074034,0.3269179079243901,0,0
688,0.0,1,0,0,0,0,12,0,344,0.38887488270554105,0.38454849685159925,0.38594194025383316,0,0
689,1.0,0,0,1,0,0,8,2,241,0.41584236660070123,0.41362689557910826,0.4136680529740503,0,0
690,0.0,0,0,0,0,0,9,2,263,0.33371319683320494,0.3301840823436206,0.32989494977313183,0,0
691,0.0,0,0,0,0,0,8,0,350,0.2618305086910526,0.2627008319467959,0.262899224210578,0,0
692,0.0,1,0,0,0,0,10,0,250,0.4053472720666979,0.4026416381211285,0.4034727963019403,0,0
693,0.0,1,0,0,0,0,10,6,285,0.5691248338239798,0.5843522705995152,0.5772672204885293,0,0
694,0.0,0,0,0,0,0,9,0,271,0.2756743252818121,0.27522741709773735,0.2755351739830503,0,0
695,1.0,1,0,0,0,0,10,0,259,0.40377012840445947,0.4008969402303103,0.40178527525866536,0,0
696,1.0,1,0,0,0,1,10,0,295,0.3974615537555058,0.3939436354429759,0.39505378361937626,0,0
697,0.0,0,0,1,0,0,14,1,610,0.3591889654789748,0.35288949916891293,0.35529266612599353,0,1
698,0.0,1,1,1,0,0,2,0,460,0.4831491550523543,0.48606499901563416,0.4869093243654962,0,1
699,1.0,1,0,0,1,1,10,0,475,0.3478288678747943,0.3421828443746451,0.34309404044891567,0,1
700,0.0,0,0,0,0,0,10,0,218,0.40849393100202475,0.40268164559784425,0.4051771514661372,1,0
701,1.0,0,1,0,0,1,12,2,422,0.34217829753396545,0.3389181383355927,0.3389357233677327,0,1
702,1.0,0,0,0,0,0,11,0,358,0.26042860321350736,0.2614529829655327,0.26163635386913403,0,0
703,1.0,0,0,0,0,0,8,0,235,0.40551488186224105,0.39938810125256996,0.401987692599578,1,0
704,1.0,1,0,1,0,1,13,10,388,0.7789511347194992,0.7815280214189531,0.7771052944177451,0,1
705,0.0,0,0,0,0,0,8,0,217,0.40866916918671786,0.4028756602721028,0.40536496519995885,1,0
706,1.0,1,0,0,0,0,11,0,339,0.38975107362900685,0.3855033782598832,0.38686893593397287,0,0
707,0.0,0,0,1,0,1,12,1,269,0.38261721439236906,0.37782200892281703,0.3791460587721124,0,0
708,1.0,1,0,0,0,0,10,0,267,0.4023682229269142,0.39934820222763784,0.4002867913034201,0,0
709,0.0,0,0,1,0,0,10,0,223,0.4858916697828058,0.4855739548838244,0.4876480584473721,1,0
710,0.0,0,0,1,0,0,11,0,247,0.3581539714186948,0.3524501858197427,0.3545354816511166,0,0
711,0.0,1,0,0,0,0,11,2,322,0.44936708884263804,0.4506395714919953,0.44940102578527114,0,0
712,1.0,0,0,1,0,0,9,4,259,0.4693250453500719,0.4727633109962691,0.47020175726565006,0,0
713,1.0,1,1,0,1,0,12,0,461,0.35028220246049857,0.3447290546972249,0.34559138652270793,0,1
714,1.0,0,0,0,0,1,12,1,620,0.2791626539277964,0.27787153960400174,0.27848771195994626,0,1
715,1.0,1,0,0,1,0,11,2,402,0.41725822143124236,0.41574917444992376,0.4142650829554443,0,1
716,0.0,1,0,0,0,0,10,0,273,0.4013167938187553,0.3981879664630113,0.39916388954314364,0,0
717,0.0,0,1,1,1,0,12,0,717,0.2577022119769674,0.25635446310126303,0.2573707435561865,0,1
718,1.0,0,0,0,0,1,10,5,241,0.4225238860072257,0.42362113894810827,0.4201821116447078,0,0
719,0.0,0,0,0,0,0,10,0,261,0.27742670712874373,0.27683922010211137,0.2771557052158572,0,0
720,1.0,1,0,0,0,0,6,0,476,0.40207141439301686,0.39908578552526924,0.4005219929278654,0,1
721,1.0,1,0,1,0,1,9,2,257,0.5390315005519403,0.5485850977421616,0.5460717765985665,0,0
722,0.0,0,0,0,0,0,4,0,593,0.2555756018775879,0.25721491126705376,0.2577501281409095,0,1
723,0.0,0,0,1,0,0,12,0,241,0.35920540052685374,0.35355544558669855,0.3556178233784697,0,0
724,0.0,0,1,1,0,0,13,0,496,0.3508476354970711,0.34487530808063044,0.34757506718634,0,1
725,1.0,1,0,0,1,1,14,1,398,0.38964069113309124,0.38597817873077517,0.38564500825025816,0,1
726,1.0,1,0,0,0,0,9,0,204,0.5369402104940585,0.543350910667541,0.5431719837921736,1,0
727,0.0,1,0,1,0,0,9,1,273,0.5079092065599259,0.5137023440385686,0.512744761075958,0,0
728,0.0,0,0,1,1,0,12,1,278,0.32662228602721494,0.3205654313488912,0.321106591955835,0,0
729,0.0,0,0,0,0,0,12,3,250,0.3643097762711397,0.3613199373493548,0.3602218500662928,0,0
730,1.0,0,1,0,1,0,12,0,355,0.20653653306467115,0.2173590931988372,0.2149458343184879,0,0
731,0.0,0,1,1,0,0,12,0,408,0.36626859575006904,0.3610831602066697,0.3634548206843553,0,1
732,1.0,0,0,0,0,0,9,0,229,0.40656631097039997,0.40054950649018856,0.40311265063689783,1,0
733,0.0,0,0,1,0,1,3,0,642,0.32526286053187,0.31877668287765576,0.32182088002813514,0,1
734,0.0,1,0,0,0,0,11,0,235,0.5315078267685706,0.5371407069242625,0.5372105232069068,1,0
735,0.0,0,0,1,1,0,8,0,537,0.28924508522173586,0.2849937822766341,0.28628791574000145,0,1
736,0.0,1,0,0,0,0,9,0,239,0.5308068740297979,0.5363385090103532,0.536440664637321,1,0
737,1.0,1,0,1,0,1,9,0,467,0.4819224877595022,0.48465474260602187,0.485557109484014,0,1
738,1.0,0,0,1,0,0,9,2,272,0.41040998287521335,0.4075760250851242,0.40782674990551626,0,0
739,0.0,0,0,1,0,0,7,1,508,0.37706326031767695,0.3718954874699524,0.3738586367086866,0,1
740,0.0,0,0,0,0,1,14,3,387,0.3766301170351497,0.37456966499220473,0.3735850631040043,0,1
741,0.0,1,0,0,0,1,13,1,271,0.4299857532250653,0.42942922048067494,0.42916358915048153,0,0
742,1.0,0,1,0,0,0,10,0,484,0.27467656400914214,0.27436644662041015,0.2750913476273331,0,1
743,1.0,1,0,1,0,0,7,0,253,0.48309548721686535,0.48593535423934797,0.4862802943116866,0,0
744,1.0,0,1,1,0,0,8,0,344,0.34115586750345844,0.33480720606183134,0.3372058728180501,0,0
745,0.0,1,1,0,0,1,8,0,313,0.394307266431029,0.3904828343982216,0.3916996112237578,0,0
746,0.0,1,0,0,0,0,9,0,247,0.4058729866207774,0.4032237544913217,0.4040357046152977,0,0
747,1.0,1,0,0,0,1,12,0,343,0.3890501208902342,0.3847394022420131,0.386127287484134,0,0
748,0.0,0,1,0,0,0,13,0,314,0.26813908334000636,0.268363388057194,0.26862045265523904,0,0
749,0.0,0,0,1,1,0,12,0,297,0.29497427748112115,0.29034138338339904,0.29121077179830246,0,0
750,0.0,0,0,1,1,0,7,0,338,0.2877895119087017,0.28357533398042806,0.2844352800278656,0,0
751,0.0,0,1,0,0,0,12,0,463,0.27835656588769847,0.27775140213009986,0.2784971520772267,0,1
752,1.0,1,0,0,0,1,8,3,292,0.48294271742035655,0.48833643438741997,0.48540163352857923,0,0
753,1.0,0,0,1,0,0,2,0,751,0.3061618984003157,0.29999668800371704,0.3031284277803791,0,1
754,1.0,1,0,0,0,1,10,1,406,0.4426565703584617,0.44384058757753925,0.44352335671636056,0,1
755,0.0,0,0,1,0,0,12,0,246,0.35832920960338793,0.35263428650630196,0.3547157906728937,0,0
756,0.0,1,0,0,1,0,9,0,334,0.33620947984955696,0.33018835991770284,0.33084236221371566,0,0
757,0.0,1,0,0,0,0,12,0,290,0.3983377446789716,0.3949068768103888,0.39598689169055146,0,0
758,0.0,0,0,0,0,0,6,1,359,0.288571848065738,0.2865888564800688,0.2868010646027289,0,0
759,0.0,0,0,0,0,0,9,1,261,0.3057451901656675,0.3030180617874122,0.30318109273028715,0,0
760,1.0,0,1,0,0,0,7,1,351,0.28997375354328325,0.28790990548409595,0.28812236113264766,0,0
761,1.0,0,1,0,0,1,7,0,584,0.2571527455398263,0.25860422010564577,0.2591601796065156,0,1
762,0.0,0,0,0,0,0,9,2,266,0.3331874822791254,0.32964916455086124,0.32936879904065974,0,0
763,0.0,0,0,0,1,0,10,1,350,0.2357312070250607,0.24051413801689794,0.23856824736453014,0,0
764,0.0,0,0,1,1,0,10,0,418,0.31009842920022174,0.30494827632879173,0.3062155962707402,0,1
765,1.0,1,0,0,0,0,10,1,306,0.4238524167608048,0.42252668142494637,0.4225157950126952,0,0
766,0.0,1,0,0,0,0,10,0,232,0.53203354132265,0.5377422294387622,0.5377878258407116,1,0
767,0.0,0,0,0,0,1,10,5,304,0.4114838803715567,0.41126497332824397,0.4082879168972662,0,0
768,1.0,1,0,0,1,1,12,1,354,0.3610231991926175,0.3552051423474512,0.35522956160982466,0,0
769,0.0,1,0,0,1,0,12,0,296,0.3428685308678969,0.3370017445181714,0.33754330747631633,0,0
770,0.0,1,1,0,0,0,5,0,352,0.3874729772279958,0.38302253790394003,0.38446010292960986,0,0
771,0.0,1,0,0,0,0,9,1,467,0.43196704109217904,0.43173172655918773,0.4318772485017798,0,1
772,0.0,1,0,0,0,0,11,0,248,0.40569774843608425,0.4030296853280227,0.40384804636823546,0,0
773,1.0,1,0,0,0,0,11,0,368,0.42099713833987795,0.42014745974762846,0.4208693810829745,0,1
774,0.0,0,0,0,0,0,8,0,203,0.4111225037724221,0.405595032083913,0.407996626853433,1,0
775,1.0,1,0,0,1,1,9,2,278,0.4026597842662213,0.39946107729902974,0.3980574218598546,0,0
776,1.0,1,0,0,0,0,8,0,237,0.5311573503991842,0.5367396317383953,0.536825611162043,1,0
777,1.0,1,0,1,1,0,12,1,371,0.47264605182405345,0.47455794205142354,0.4736166592330087,0,1
778,0.0,0,0,0,1,0,8,0,324,0.21196891679015906,0.2216425273917916,0.21935971922033703,0,0
779,1.0,1,0,0,0,1,10,3,284,0.4843446228979018,0.4899487780096231,0.48694701384160527,0,0
780,1.0,0,0,0,0,0,10,0,277,0.2746228961736532,0.2742631340610865,0.27456509718842737,0,0
781,0.0,1,0,0,0,1,10,5,348,0.5297663451513872,0.5405670055520105,0.5351986435702117,0,0
782,1.0,0,1,0,0,0,10,0,274,0.27514861072773267,0.2747450127930594,0.27504992492577696,0,0
783,0.0,1,0,0,1,0,9,0,269,0.3475999618546122,0.34188453632689275,0.3423361631753619,0,0
784,1.0,1,0,0,0,1,9,21,210,1.1305769251612983,0.9448401357297638,0.9556539139827575,1,0
785,1.0,1,0,0,0,0,10,0,258,0.40394536658915264,0.40109067242067725,0.40197268781272943,0,0
786,1.0,1,0,0,0,0,12,1,332,0.4192962239587827,0.41741844091754854,0.41759157202270347,0,0
787,0.0,1,0,0,0,1,11,1,301,0.4247286076842706,0.42351097353399053,0.4234641759306469,0,0
788,1.0,1,0,0,0,0,10,1,282,0.4280581331934406,0.4272567597039773,0.4270720234097599,0,0
789,0.0,1,0,0,0,0,10,0,933,0.3219875639882435,0.3147790378643145,0.31795888429218877,0,1
790,1.0,1,0,0,0,1,12,4,290,0.5116116768266666,0.5205329375863085,0.5161156817455707,0,0
791,0.0,0,0,0,1,1,10,1,267,0.25027597635459287,0.25295403028935176,0.251205220130109,0,0
792,0.0,0,0,0,1,1,11,1,274,0.24904930906174072,0.25188862877726736,0.25012595492508527,0,0
793,0.0,1,0,1,1,1,7,2,326,0.4725222811051966,0.4735723622720349,0.47201334652881555,0,0
794,1.0,1,0,0,0,0,12,5,310,0.5364253961697272,0.548168772261814,0.5425086490339082,0,0
795,1.0,1,0,0,0,1,12,2,425,0.46764552788621544,0.4716089668186784,0.4700242725385656,0,1
796,0.0,0,0,0,0,0,9,3,237,0.49011985460362595,0.4930140349446325,0.49159970897992716,1,0
797,0.0,1,0,0,1,1,11,0,368,0.36657935363696226,0.36186454075645197,0.36234725768971454,0,1
798,0.0,0,0,0,1,0,12,0,294,0.21722606233095382,0.22584495201309973,0.22368038788835737,0,0
799,1.0,1,0,0,0,0,15,1,333,0.4191209857740895,0.41722231624415956,0.41740243145064676,0,0
800,0.0,0,0,1,0,0,9,8,425,0.5898374109056753,0.6066955951502147,0.5990291552625117,0,1
801,0.0,1,0,0,0,0,10,0,245,0.4062234629901637,0.40361198365754863,0.4044110873300168,0,0
802,0.0,1,0,0,0,0,11,1,273,0.42963527685567904,0.42903402278663944,0.42878315471302386,0,0
803,0.0,0,0,0,0,0,10,0,198,0.4119986946958879,0.4065676508922663,0.4089375194406205,1,0
804,1.0,1,1,0,0,0,11,0,392,0.41679142190724217,0.4154389980337796,0.4163273854192493,0,1
805,1.0,0,0,0,0,1,9,0,295,0.27146860884917634,0.27138292919092316,0.27166501514262675,0,0
806,0.0,0,0,1,0,0,13,0,292,0.35026825310750265,0.34421166453924246,0.34645585715316607,0,0
807,0.0,0,0,0,0,0,12,0,556,0.26205941471123473,0.2629576551181956,0.2635723695895542,0,1
808,0.0,0,0,0,1,1,10,1,292,0.24589502173726388,0.249162722042874,0.24736203473218882,0,0
809,1.0,0,0,1,0,0,9,0,369,0.3731028849531022,0.3683712703571487,0.3705701337048338,0,1
810,0.0,0,0,0,0,0,12,0,294,0.2716438470338695,0.2715424417012092,0.2718257298853991,0,0
811,1.0,1,0,0,0,0,11,4,238,0.6442560443621861,0.658210035421404,0.6539882555999585,1,0
812,0.0,1,0,0,0,1,12,0,319,0.39325583732287,0.3893316603272816,0.39058332689763453,0,0
813,0.0,0,0,0,1,1,7,2,368,0.2972233748044803,0.2953213547996651,0.2940029133624732,0,1
814,0.0,1,0,0,0,0,6,2,339,0.44638803970285434,0.44724747805373893,0.44614332551630165,0,0
815,1.0,1,0,1,1,0,1,1,663,0.4214765018936512,0.41644856740453046,0.4177486339936704,0,1
816,0.0,1,0,0,0,0,11,0,414,0.41293618184399267,0.4111364070109554,0.41217366640046493,0,1
817,0.0,1,0,0,0,0,4,0,375,0.41977047104702586,0.4187726162663508,0.41954351551742014,0,1
818,0.0,0,0,0,0,0,10,0,230,0.40639107278570685,0.40035586095730463,0.402925101661631,1,0
819,0.0,1,1,0,0,1,11,0,525,0.3934847433430521,0.3896468567093997,0.39137508811887745,0,1
820,1.0,0,1,1,0,0,12,0,256,0.3565768277564564,0.3507952565300988,0.3529141714396742,0,0
821,1.0,1,0,0,0,1,8,2,229,0.589196221950577,0.6006397564707703,0.5980849577584999,1,0
822,1.0,1,0,1,0,0,9,0,228,0.6110084237656694,0.621306971561592,0.6210444157337344,1,0
823,1.0,0,0,0,0,1,8,1,277,0.30294137921057696,0.3002995310783122,0.3004783722325646,0,0
824,0.0,0,0,1,0,1,9,8,251,0.5840008829753122,0.6002022928817301,0.5922236394741657,0,0
825,1.0,0,0,0,0,0,7,0,673,0.24155654710213523,0.24508149503333496,0.24539355548929165,0,1
826,0.0,1,0,1,0,0,8,0,318,0.4717050052118101,0.4728518850245871,0.4737328280960741,0,0
827,1.0,0,0,0,0,0,9,2,254,0.3352903404954433,0.3317914702446164,0.33147541893659604,0,0
828,0.0,1,0,0,0,1,10,1,287,0.4271819422699748,0.4262701991113529,0.42612198535205803,0,0
829,1.0,1,0,0,0,1,12,0,370,0.4206466619704916,0.4197545198865983,0.42049047006060514,0,1
830,1.0,1,0,0,0,0,11,7,285,0.5974433168609037,0.6148850539003571,0.6067837590621589,0,0
831,0.0,1,0,0,1,0,8,1,514,0.3693130617086849,0.3640543905541694,0.36433688028341105,0,1
832,0.0,1,0,0,0,0,10,5,453,0.5476943078255783,0.5610471304574526,0.5554099081672497,0,1
833,0.0,0,0,0,0,0,9,0,234,0.40569012004693417,0.39958159061422394,0.4021751294989747,1,0
834,0.0,1,0,0,0,0,10,0,454,0.40592665445626636,0.4033486466202318,0.4046469089337866,0,1
835,1.0,0,0,1,0,1,8,1,343,0.36964958872507536,0.36389739997531345,0.36558200989184636,0,0
836,0.0,1,1,0,1,0,3,0,590,0.32767647663508115,0.3216203308825296,0.32284735195241543,0,1
837,0.0,1,0,1,0,0,9,0,296,0.4755602452750595,0.477276863268278,0.4779773697807772,0,0
838,1.0,0,0,1,0,0,9,2,253,0.41373950838438334,0.4112814218025783,0.4114045607441733,0,0
839,0.0,1,0,0,1,0,11,0,611,0.3239964747565248,0.3179360908882658,0.31920397329170247,0,1
840,1.0,0,1,0,0,0,8,0,538,0.2652137020357116,0.2657810594185965,0.26642888184292657,0,1
841,0.0,0,1,0,0,0,10,0,243,0.2805809944532206,0.27975509897514256,0.2800843610535459,0,0
842,0.0,0,0,0,0,1,11,0,298,0.2709428942950969,0.27090474462565634,0.27118315492515904,0,0
843,1.0,1,1,0,0,0,12,1,372,0.44861466863802907,0.4506198139111243,0.45003653353926093,0,1
844,0.0,0,0,1,0,0,12,0,275,0.35324730224728634,0.3473133151154024,0.3495001937573917,0,0
845,0.0,1,0,0,0,0,12,0,330,0.3913282172912453,0.3872243835719947,0.3885391522855475,0,0
846,0.0,1,0,0,0,0,12,1,222,0.5621044062065054,0.5711512465434598,0.5697532542968559,1,0
847,1.0,0,1,1,1,0,7,1,271,0.327848953320067,0.3217963638001282,0.32232214166896506,0,0
848,0.0,0,0,1,0,1,9,0,506,0.3490952536501395,0.34305529921794575,0.34578674358899586,0,1
849,1.0,0,0,0,0,1,9,5,244,0.42199817145314616,0.4230304494172502,0.41961397374781584,0,0
850,1.0,1,0,0,0,1,11,3,261,0.4883751011458444,0.49458531419264823,0.49139099343076237,0,0
851,1.0,0,1,1,1,0,9,0,368,0.31886033843487965,0.313562506396811,0.31476765860066275,0,1
852,0.0,1,1,0,1,0,2,0,413,0.35869363532577014,0.35352609974210264,0.3542042719714709,0,1
853,0.0,0,0,0,0,0,12,1,248,0.30802328656667854,0.3052370762808064,0.3053850237658893,0,0
854,0.0,0,0,0,0,0,11,0,277,0.2746228961736532,0.2742631340610865,0.27456509718842737,0,0
855,0.0,0,0,0,0,0,12,2,264,0.33353795864851177,0.33000572749854945,0.3297195287336394,0,0
856,1.0,0,0,1,0,0,9,1,247,0.38647245445561856,0.38200212676527934,0.38320834825945227,0,0
857,1.0,0,0,0,0,0,9,0,226,0.40709202552447943,0.401130629274133,0.4036754311438628,1,0
858,0.0,0,0,0,0,0,7,0,260,0.2776019453134369,0.2770007204461295,0.2773180144621499,0,0
859,0.0,0,0,0,0,0,7,0,284,0.27339622888080106,0.2731407973279044,0.2734354746237554,0,0
860,0.0,0,0,0,0,0,14,0,268,0.27620003983589164,0.2757103464209456,0.27602084370030855,0,0
861,0.0,1,1,0,0,0,12,0,506,0.3968142688522221,0.3932974657755271,0.3949150244365358,0,1
862,1.0,0,0,0,0,0,7,0,375,0.2937775261406964,0.2922117466449834,0.2929883407393139,0,1
863,1.0,0,0,0,0,0,9,3,252,0.3639592999017534,0.3609477677787347,0.35985931369247715,0,0
864,0.0,0,0,0,0,1,12,0,387,0.29167466792437846,0.2902140057231367,0.2909918076831164,0,1
865,0.0,0,0,1,0,1,10,1,281,0.38051435617605117,0.37554953285675563,0.3769358447748144,0,0
866,1.0,1,1,0,0,0,10,7,384,0.6164227086432537,0.6354153655758836,0.6273527265869527,0,1
867,0.0,1,0,1,0,0,12,0,265,0.48099262900054746,0.4835179582734861,0.4839624459477254,0,0
868,1.0,0,0,1,0,1,14,0,285,0.3514949204003548,0.34548722524026304,0.3477082201735552,0,0
869,0.0,0,0,0,0,0,10,0,204,0.4109472655877289,0.4054005969316672,0.4078085117992707,1,0
870,0.0,1,0,1,1,1,9,0,408,0.4378437559534828,0.4356276795367995,0.43638264717652275,0,1
871,0.0,0,0,0,0,1,12,0,258,0.2779524216828232,0.2773238954296844,0.2776427723366802,0,0
872,0.0,1,0,0,0,0,11,0,331,0.3911529791065521,0.38703302079473334,0.38835347026490985,0,0
873,0.0,0,1,1,1,0,10,2,423,0.36585920435060343,0.3604476662947121,0.36056426409891784,0,1
874,0.0,0,0,0,0,1,9,10,363,0.5790652147262518,0.5980359574888205,0.5876589697464762,0,1
875,0.0,1,0,0,1,1,11,0,674,0.31295646912085584,0.3070205206879917,0.30837926485904943,0,1
876,1.0,0,0,0,0,0,12,2,239,0.4614508951973159,0.46088350405715794,0.46094001098529913,1,0
877,0.0,0,0,0,0,0,12,0,325,0.2662114633083816,0.26662498789512484,0.2668656822683315,0,0
878,1.0,1,0,0,0,0,10,1,231,0.5605272625442669,0.5693723402780828,0.5680396633239859,1,0
879,0.0,0,0,0,0,0,10,2,324,0.32302366756692225,0.31939526175100746,0.31926398224687635,0,0
880,1.0,1,1,0,1,0,8,0,652,0.3168117091841053,0.31080862152944594,0.31214106202301467,0,1
881,0.0,1,1,0,0,0,11,1,463,0.43266799383095167,0.43252341712526954,0.43263923012388583,0,1
882,0.0,0,0,0,0,0,10,0,276,0.2747981343583464,0.2744237018740781,0.27472665958024545,0,0
883,0.0,0,0,1,0,1,10,0,385,0.37029907399801165,0.3653737832541673,0.36764551253154676,0,1
884,0.0,0,0,0,1,0,10,0,369,0.24041117054593963,0.2450962061727346,0.2437500789721485,0,1
885,1.0,0,0,1,0,0,8,2,290,0.4072556955507365,0.4040753112444271,0.4044443156624271,0,0
886,0.0,1,1,0,0,0,10,0,315,0.39395679006164264,0.3900989734866159,0.391327416862481,0,0
887,0.0,0,0,0,0,0,10,0,233,0.40586535823162734,0.3997751113208866,0.4023625888961958,1,0
888,1.0,1,0,1,0,0,9,9,277,0.7337561181165433,0.7444861432466899,0.7383688227335193,0,0
889,0.0,0,0,0,0,0,10,3,259,0.3627326326089013,0.35964649122939135,0.358591430867503,0,0
890,1.0,1,1,1,0,0,10,1,326,0.49862158277118857,0.5030189141746538,0.5025026098045052,0,0
891,1.0,0,0,0,0,0,10,0,215,0.4090196455561042,0.4032637807616709,0.4057406580064459,1,0
892,1.0,1,0,0,1,1,12,0,373,0.36570316271349645,0.3609338202647787,0.3614393197427251,0,1
893,0.0,0,0,0,0,1,17,0,665,0.2429584525796805,0.2462772627423668,0.24661471951431946,0,1
894,0.0,0,1,0,1,0,8,0,285,0.21880320599319225,0.22711662925190837,0.22498596261086934,0,0
895,0.0,0,0,0,0,0,12,0,365,0.29552990798762796,0.29388268310135823,0.294656957674739,0,1
896,0.0,0,1,0,1,0,12,0,376,0.23918450325308754,0.2440530884231296,0.24268809220321264,0,1
897,1.0,1,1,0,0,0,12,0,293,0.39781203012489214,0.39432883353687936,0.39542695495553193,0,0
898,0.0,1,0,0,1,0,9,0,283,0.345146627268908,0.3393484554285534,0.3398477487222666,0,0
899,1.0,0,1,1,1,0,7,0,237,0.42902055049418586,0.4221083186437526,0.4245481904532741,1,0
900,1.0,1,0,0,0,0,11,0,225,0.5332602086155022,0.5391453517650568,0.5391345536962636,1,0
901,0.0,1,1,0,1,0,8,1,566,0.3602006761046407,0.35440077617459687,0.3549149970164245,0,1
902,0.0,0,0,0,0,0,8,0,237,0.4051644054928547,0.3990012167854694,0.401612886459419,1,0
903,0.0,0,0,0,1,0,12,12,599,0.5399281845095982,0.5538613000843067,0.542502488511968,0,1
904,1.0,0,1,0,1,0,6,0,517,0.21447591921135223,0.22368677663821884,0.22183911129074313,0,1
905,1.0,1,0,0,0,1,12,3,370,0.5056021110812629,0.5144713504418551,0.5109606282999412,0,1
906,1.0,1,0,0,0,1,10,0,284,0.39938917378713057,0.3960638440533391,0.397107408155634,0,0
907,0.0,1,1,0,0,0,10,1,244,0.4347171842117806,0.4347729990679429,0.43430575391150916,0,0
908,1.0,0,1,1,1,1,5,0,511,0.293801278023758,0.28928616007366426,0.2905889703210571,0,1
909,1.0,1,0,1,0,0,8,4,491,0.5909907034745614,0.6054324814800877,0.6011467684090523,0,1
910,1.0,1,0,0,0,1,9,7,240,0.6053290351720958,0.6234431082159952,0.6151428956937439,0,0
911,0.0,0,1,0,1,0,4,0,575,0.20431210449914905,0.21566847796081284,0.21356920595170437,0,1
912,0.0,0,0,0,0,1,8,0,241,0.2809314708226069,0.2800802426015911,0.28041069080338593,0,0
913,0.0,0,0,0,1,0,12,1,322,0.24063787619646915,0.24466353588450593,0.24279202179021492,0,0
914,1.0,0,1,0,0,0,8,0,367,0.29517943161824167,0.29354804976489757,0.2943228838017017,0,1
915,0.0,0,1,0,0,0,4,0,655,0.24471083442661207,0.24777748653004333,0.24814574012424917,0,1
916,0.0,0,1,1,0,1,13,1,243,0.3871734071943912,0.382764048837373,0.3839483428547459,0,0
917,1.0,0,0,0,0,0,7,0,231,0.4062158346010137,0.40016224654782745,0.40273757501885693,1,0
918,1.0,0,0,1,1,1,11,2,333,0.345302668906015,0.33887595849146473,0.3389920994000352,0,0
919,0.0,0,0,0,0,0,14,0,403,0.28887085696928794,0.2875629526328336,0.28833969583093544,0,1
920,0.0,0,0,0,0,1,12,0,330,0.26533527238491583,0.26583717941989554,0.26606997831257995,0,0
921,0.0,1,0,0,0,0,10,0,223,0.5336106849848884,0.5395461309278545,0.5395192513411171,1,0
922,1.0,1,0,1,0,0,11,5,226,0.7529513153196744,0.7563645464827532,0.7547105122187927,1,0
923,1.0,0,0,0,0,0,8,1,238,0.4333076503450853,0.4296676132809263,0.4310819842813935,1,0
924,1.0,1,0,1,1,0,12,1,369,0.47299652819343974,0.4749601907256134,0.4740024033534854,0,1
925,1.0,0,1,1,0,0,9,1,376,0.40019470069717383,0.3970843123710424,0.3983206221051801,0,1
926,1.0,1,0,0,1,1,9,10,252,0.6337638413636334,0.6527342982843355,0.6415218068909112,0,0
927,0.0,1,0,0,0,0,10,13,382,0.7866840832341825,0.7892646854265049,0.7829080603152937,0,1
928,1.0,0,0,1,1,0,10,2,395,0.37076587352201185,0.3656699626452626,0.365654473036752,0,1
929,1.0,0,1,0,0,1,8,0,286,0.2730457525114148,0.2728206567789549,0.27311314846000967,0,0
930,0.0,1,0,0,0,1,12,2,259,0.460407094478307,0.46324788624558144,0.46150173441182424,0,0
931,0.0,1,0,0,0,0,11,6,252,0.5749076939188541,0.590802087209331,0.5835157284321738,0,0
932,0.0,0,0,0,0,1,12,0,253,0.278828612606289,0.27813284861875526,0.27845547892411704,0,0
933,1.0,1,0,0,1,1,12,0,350,0.33340566889446643,0.3273405528244119,0.3280368919118983,0,0
934,1.0,1,0,0,1,1,2,1,577,0.35827305607301596,0.35237346844624723,0.3529329985639652,0,1
935,0.0,0,1,0,0,0,4,0,584,0.2571527455398263,0.25860422010564577,0.2591601796065156,0,1
936,0.0,0,0,1,0,0,9,0,364,0.373979075876568,0.36931008630247936,0.37148562308502464,0,1
937,0.0,0,0,1,0,1,12,0,267,0.3546492077248316,0.3487774313631074,0.35093619374345697,0,0
938,0.0,0,0,0,1,0,6,1,486,0.24822678597376388,0.2512270672315333,0.24985747666907304,0,1
939,0.0,0,0,0,0,0,10,1,367,0.3234979146551654,0.3206064373184945,0.32105142784506624,0,1
940,0.0,1,0,1,0,0,12,1,294,0.5042292046813696,0.5094702407741092,0.5086871793875437,0,0
941,0.0,1,0,0,1,1,14,0,311,0.3402399580974996,0.334303957012402,0.3348918918377113,0,0
942,0.0,1,0,0,1,0,2,0,644,0.31821361466165055,0.31219245769016524,0.3135138873465416,0,1
943,1.0,0,1,0,0,0,9,3,283,0.35852691617626553,0.35520071254754104,0.3542562993008656,0,0
944,0.0,0,1,0,1,0,12,0,471,0.22253687570723749,0.23019545503978248,0.22852608018237996,0,1
945,0.0,1,0,0,0,1,12,0,288,0.3986882210483579,0.39529240244742947,0.39636030219234897,0,0
946,1.0,0,1,1,0,0,13,0,260,0.35587587501768375,0.35006087993930357,0.35219444343196,0,0
947,0.0,0,0,0,0,1,16,0,294,0.2716438470338695,0.2715424417012092,0.2718257298853991,0,0
948,0.0,0,0,1,0,0,9,2,338,0.3988442626854649,0.39478855882331676,0.39545998794505544,0,0
949,0.0,0,0,0,1,0,5,1,598,0.22860010928813015,0.23461869725404877,0.2329388523720805,0,1
950,0.0,1,0,0,0,1,10,0,314,0.3941320282463358,0.3902908869592239,0.3915135016285074,0,0
951,1.0,0,1,0,1,0,12,0,527,0.21272353736442062,0.22228931155136342,0.22040035296388155,0,1
952,1.0,0,0,1,0,1,9,5,242,0.5006225775267793,0.5079703940280003,0.5037949624648265,0,0
953,0.0,0,0,0,1,0,12,2,417,0.28863670375451556,0.2871638025768962,0.2858774863774115,0,1
954,0.0,0,0,1,1,0,6,0,743,0.2531460191749453,0.25237720401690145,0.2533228717756668,0,1
955,1.0,1,1,0,0,0,11,0,348,0.3881739299667684,0.3837852313115289,0.3852008120570115,0,0
956,1.0,1,0,0,1,0,10,0,260,0.34917710551685066,0.34351967172969644,0.3439394887785783,0,0
957,1.0,1,0,0,0,1,4,0,488,0.39996855617669896,0.3967669740545581,0.39827667443328424,0,1
958,1.0,0,0,0,0,0,11,4,243,0.3938549266009156,0.3925117482636166,0.3903390430759557,0,0
959,0.0,1,0,0,1,0,13,2,295,0.3996807351264376,0.3961764031043509,0.39488280064543035,0,0
960,0.0,0,0,1,0,0,12,0,267,0.3546492077248316,0.3487774313631074,0.35093619374345697,0,0
961,,1,0,0,0,1,9,5,344,0.5304672978901598,0.5413681435151346,0.535968720865177,0,0
962,,1,0,1,1,0,2,0,513,0.4194437465607012,0.414931790675467,0.416435911330149,0,1
963,,0,0,0,0,0,8,0,220,0.4081434546326384,0.40229370767011885,0.40480158954510903,1,0
964,,1,0,0,0,0,11,1,276,0.4291095623015996,0.42844139602890624,0.42821262720689096,0,0
965,,1,0,0,0,1,12,0,314,0.3941320282463358,0.3902908869592239,0.3915135016285074,0,0
966,,1,0,0,0,1,11,2,268,0.4588299508160686,0.4614434365324681,0.459770612244415,0,0
967,,1,0,1,0,1,12,0,397,0.49418916068802327,0.4987645989258001,0.4990841660111609,0,1
968,,1,0,0,0,1,9,0,273,0.4013167938187553,0.3981879664630113,0.39916388954314364,0,0
969,,1,0,1,0,0,10,0,254,0.4829202490321722,0.48573387787674266,0.48608712149569216,0,0
970,,1,0,0,0,0,12,6,289,0.5684238810852072,0.5835684606271239,0.576508469727452,0,0
971,,0,0,0,1,1,14,1,472,0.2506801205594681,0.25335714017276245,0.2520172399052395,0,1
972,,1,0,0,1,0,11,1,297,0.37101177572012756,0.36580334288600463,0.36556496158117335,0,0
973,,1,0,0,0,0,10,0,256,0.404295842958539,0.40147822948377243,0.4023475805068361,0,0
974,,1,0,0,0,1,15,0,313,0.394307266431029,0.3904828343982216,0.3916996112237578,0,0
975,,1,0,0,0,0,11,0,324,0.3923796463994042,0.38837328951659694,0.3896537779377013,0,0
976,,1,0,0,0,0,8,0,205,0.5367649723093653,0.5431507812301041,0.5429798228912783,1,0
977,,1,0,0,0,1,10,1,225,0.5615786916524259,0.5705584796815796,0.569182201602114,1,0
978,,1,0,0,0,0,8,8,292,0.6245351326049753,0.6432447262507998,0.6344239726623759,0,0
979,,1,0,0,1,0,12,0,434,0.3550136334472138,0.3496647590743576,0.35042664060071044,0,1
980,,0,0,0,0,1,9,0,269,0.27602480165119847,0.2755493116788685,0.2758589070953912,0,0
981,,1,0,0,0,1,12,3,332,0.4759331900326302,0.4802790258130988,0.47767848368935256,0,0
982,,1,0,0,0,0,9,0,208,0.5362392577552858,0.5425503095873313,0.5424032800663804,1,0
983,,0,0,0,0,1,6,0,411,0.2874689514917427,0.2862428556610842,0.28701792765305956,0,1
984,,1,0,0,0,1,10,0,324,0.3923796463994042,0.38837328951659694,0.3896537779377013,0,0
985,,1,0,0,1,0,11,0,564,0.3322326694371032,0.32621267174233387,0.32738183658582654,0,1
986,,1,0,0,0,1,6,0,439,0.4085552272266637,0.4062635766353558,0.4074654701656319,0,1
987,,1,0,0,0,0,11,0,240,0.4070996539136295,0.40458308385257874,0.40534992846765067,0,0
988,,0,1,1,1,0,9,0,231,0.43007197960234483,0.42328923002724744,0.42568743217961325,1,0
989,,0,0,1,0,1,10,2,259,0.4126880792762244,0.41011018789916687,0.41027391448358924,0,0
990,,0,0,0,0,0,7,0,253,0.278828612606289,0.27813284861875526,0.27845547892411704,0,0
991,,0,1,1,0,0,11,0,255,0.3567520659411495,0.35097896131037926,0.3530941858284232,0,0
992,,1,0,1,0,1,8,1,241,0.513516828470107,0.520147283735058,0.518925065819905,0,0
993,,1,0,0,0,0,15,1,277,0.4289343241169064,0.42824389929325984,0.42802248465097725,0,0
994,,1,0,0,0,1,8,3,245,0.49117891210093495,0.4978113277946843,0.494483120909756,0,0
995,,1,0,0,0,0,10,0,252,0.4049967956973116,0.40225371278017213,0.4030976350822185,0,0
996,,0,0,0,0,1,8,1,250,0.3076728101972922,0.30489509666817716,0.30504549521753865,0,0
997,,0,0,0,1,0,2,0,630,0.19467400434102533,0.2082593345431528,0.20589559113909772,0,1
998,,0,0,1,0,1,9,2,235,0.5404257776403354,0.5466282044178898,0.5458951446048474,1,0
999,,0,0,0,0,0,6,0,231,0.4062158346010137,0.40016224654782745,0.40273757501885693,1,0
1000,,0,0,1,0,0,8,1,242,0.3873486453790843,0.38295461957513355,0.3841334077540265,0,0
1001,,1,0,0,1,1,12,0,353,0.3328799543403869,0.32680799408271105,0.32751193854920824,0,0
1002,,1,1,0,1,0,12,0,521,0.33976791137890905,0.33388110548857947,0.33493710824632805,0,1
1003,,0,0,0,0,0,10,2,300,0.32722938399955803,0.32361781221282576,0.3234295697027162,0,0
1004,,1,0,1,0,0,12,1,299,0.5033530137579039,0.5084623742951554,0.5077209402635214,0,0
1005,,0,0,0,0,0,10,0,231,0.4062158346010137,0.40016224654782745,0.40273757501885693,1,0
1006,,0,0,1,0,0,12,5,236,0.6252059885664135,0.638285986065945,0.6341740929570682,1,0
1007,,0,1,1,0,0,12,0,393,0.3688971685204664,0.36387892643270203,0.3661860629265896,0,1
1008,,1,0,0,1,1,12,0,345,0.3342818598179322,0.3282291394922267,0.32891256911135164,0,0
1009,,0,0,0,1,0,12,0,374,0.23953497962247386,0.2443508150437909,0.24299126115586234,0,1
1010,,0,0,0,0,0,8,2,252,0.33564081686482966,0.3321492022588145,0.33182704345993097,0,0
